timestamp,price,volume
2026-01-02T09:30:00,99.9935,768.88
2026-01-02T09:30:01,99.9885,926.36
2026-01-02T09:30:02,99.9828,530.48
2026-01-02T09:30:03,99.9977,751.88
2026-01-02T09:30:04,99.9880,820.86
2026-01-02T09:30:05,99.9984,1009.44
2026-01-02T09:30:06,100.0280,819.89
2026-01-02T09:30:07,99.9948,617.36
2026-01-02T09:30:08,100.0059,1035.99
2026-01-02T09:30:09,100.0078,780.86
2026-01-02T09:30:10,100.0317,538.36
2026-01-02T09:30:11,100.0177,888.27
2026-01-02T09:30:12,100.0570,756.69
2026-01-02T09:30:13,100.0740,844.68
2026-01-02T09:30:14,100.1092,599.62
2026-01-02T09:30:15,100.1348,527.39
2026-01-02T09:30:16,100.0169,690.76
2026-01-02T09:30:17,99.9757,957.68
2026-01-02T09:30:18,100.0057,580.57
2026-01-02T09:30:19,100.0438,619.60
2026-01-02T09:30:20,100.0400,747.10
2026-01-02T09:30:21,100.0452,947.35
2026-01-02T09:30:22,100.0739,862.98
2026-01-02T09:30:23,100.1032,886.13
2026-01-02T09:30:24,100.0750,670.87
2026-01-02T09:30:25,100.0539,889.88
2026-01-02T09:30:26,100.0427,1220.44
2026-01-02T09:30:27,100.0059,602.20
2026-01-02T09:30:28,100.0405,1055.93
2026-01-02T09:30:29,100.0633,950.45
2026-01-02T09:30:30,100.1276,783.08
2026-01-02T09:30:31,100.0636,704.23
2026-01-02T09:30:32,100.1065,540.14
2026-01-02T09:30:33,100.1081,845.58
2026-01-02T09:30:34,100.0939,930.25
2026-01-02T09:30:35,100.1201,1217.85
2026-01-02T09:30:36,100.1481,690.31
2026-01-02T09:30:37,100.1229,650.32
2026-01-02T09:30:38,100.1658,697.97
2026-01-02T09:30:39,100.1627,934.87
2026-01-02T09:30:40,100.1302,747.14
2026-01-02T09:30:41,100.0474,605.15
2026-01-02T09:30:42,100.0219,874.84
2026-01-02T09:30:43,100.0757,796.68
2026-01-02T09:30:44,100.0875,830.23
2026-01-02T09:30:45,100.1364,960.80
2026-01-02T09:30:46,100.1488,618.03
2026-01-02T09:30:47,100.1895,868.59
2026-01-02T09:30:48,100.2448,794.62
2026-01-02T09:30:49,100.3328,735.40
2026-01-02T09:30:50,100.4045,820.72
2026-01-02T09:30:51,100.3814,596.88
2026-01-02T09:30:52,100.3747,1056.20
2026-01-02T09:30:53,100.4115,924.00
2026-01-02T09:30:54,100.3047,927.97
2026-01-02T09:30:55,100.3298,701.01
2026-01-02T09:30:56,100.3016,799.58
2026-01-02T09:30:57,100.3793,610.08
2026-01-02T09:30:58,100.3602,1045.12
2026-01-02T09:30:59,100.3402,734.43
2026-01-02T09:31:00,100.3447,576.57
2026-01-02T09:31:01,100.3547,582.27
2026-01-02T09:31:02,100.3946,800.57
2026-01-02T09:31:03,100.4974,850.55
2026-01-02T09:31:04,100.5590,565.41
2026-01-02T09:31:05,100.5536,858.17
2026-01-02T09:31:06,100.6323,497.44
2026-01-02T09:31:07,100.6769,906.44
2026-01-02T09:31:08,100.7461,928.23
2026-01-02T09:31:09,100.7485,706.10
2026-01-02T09:31:10,100.6924,835.18
2026-01-02T09:31:11,100.6839,1163.65
2026-01-02T09:31:12,100.6565,857.67
2026-01-02T09:31:13,100.5860,728.82
2026-01-02T09:31:14,100.5979,948.31
2026-01-02T09:31:15,100.6632,792.05
2026-01-02T09:31:16,100.6130,882.41
2026-01-02T09:31:17,100.6364,888.50
2026-01-02T09:31:18,100.6050,1004.01
2026-01-02T09:31:19,100.6091,925.97
2026-01-02T09:31:20,100.6665,909.67
2026-01-02T09:31:21,100.6795,1187.50
2026-01-02T09:31:22,100.6906,746.73
2026-01-02T09:31:23,100.6958,1066.90
2026-01-02T09:31:24,100.7012,893.49
2026-01-02T09:31:25,100.7551,707.69
2026-01-02T09:31:26,100.6776,853.90
2026-01-02T09:31:27,100.6880,690.56
2026-01-02T09:31:28,100.7274,909.36
2026-01-02T09:31:29,100.6827,893.28
2026-01-02T09:31:30,100.6740,533.06
2026-01-02T09:31:31,100.6945,791.86
2026-01-02T09:31:32,100.6611,894.13
2026-01-02T09:31:33,100.6832,696.04
2026-01-02T09:31:34,100.7014,982.71
2026-01-02T09:31:35,100.6694,868.56
2026-01-02T09:31:36,100.6697,1207.88
2026-01-02T09:31:37,100.5860,925.15
2026-01-02T09:31:38,100.5723,781.96
2026-01-02T09:31:39,100.6581,798.46
2026-01-02T09:31:40,100.7590,720.41
2026-01-02T09:31:41,100.7749,711.65
2026-01-02T09:31:42,100.7440,811.25
2026-01-02T09:31:43,100.7314,836.45
2026-01-02T09:31:44,100.6368,1160.44
2026-01-02T09:31:45,100.6294,1113.72
2026-01-02T09:31:46,100.5843,852.66
2026-01-02T09:31:47,100.7268,643.45
2026-01-02T09:31:48,100.6597,701.63
2026-01-02T09:31:49,100.6811,924.80
2026-01-02T09:31:50,100.7393,753.74
2026-01-02T09:31:51,100.6673,721.69
2026-01-02T09:31:52,100.7233,883.82
2026-01-02T09:31:53,100.6354,793.69
2026-01-02T09:31:54,100.6984,1182.78
2026-01-02T09:31:55,100.7238,855.67
2026-01-02T09:31:56,100.6682,648.22
2026-01-02T09:31:57,100.6704,890.58
2026-01-02T09:31:58,100.6967,713.92
2026-01-02T09:31:59,100.6450,660.00
2026-01-02T09:32:00,100.5931,915.81
2026-01-02T09:32:01,100.4892,740.01
2026-01-02T09:32:02,100.5096,1073.96
2026-01-02T09:32:03,100.5129,980.23
2026-01-02T09:32:04,100.4951,666.01
2026-01-02T09:32:05,100.4649,1074.92
2026-01-02T09:32:06,100.5098,887.73
2026-01-02T09:32:07,100.6598,794.18
2026-01-02T09:32:08,100.6879,855.37
2026-01-02T09:32:09,100.6780,1216.91
2026-01-02T09:32:10,100.7460,548.09
2026-01-02T09:32:11,100.7281,877.10
2026-01-02T09:32:12,100.7635,557.28
2026-01-02T09:32:13,100.6622,456.85
2026-01-02T09:32:14,100.6591,781.42
2026-01-02T09:32:15,100.6748,661.46
2026-01-02T09:32:16,100.6199,435.85
2026-01-02T09:32:17,100.6348,866.61
2026-01-02T09:32:18,100.6797,942.34
2026-01-02T09:32:19,100.6712,1042.87
2026-01-02T09:32:20,100.6652,681.05
2026-01-02T09:32:21,100.6420,694.73
2026-01-02T09:32:22,100.5447,828.14
2026-01-02T09:32:23,100.5561,734.79
2026-01-02T09:32:24,100.5241,866.92
2026-01-02T09:32:25,100.6015,806.89
2026-01-02T09:32:26,100.5788,693.54
2026-01-02T09:32:27,100.5758,572.34
2026-01-02T09:32:28,100.5703,811.01
2026-01-02T09:32:29,100.6535,969.83
2026-01-02T09:32:30,100.7002,671.67
2026-01-02T09:32:31,100.7305,594.91
2026-01-02T09:32:32,100.7446,875.37
2026-01-02T09:32:33,100.7103,1159.89
2026-01-02T09:32:34,100.7360,457.51
2026-01-02T09:32:35,100.7610,726.67
2026-01-02T09:32:36,100.7612,883.84
2026-01-02T09:32:37,100.7789,432.95
2026-01-02T09:32:38,100.7270,939.07
2026-01-02T09:32:39,100.7857,1142.57
2026-01-02T09:32:40,100.8670,430.00
2026-01-02T09:32:41,100.9017,455.07
2026-01-02T09:32:42,100.9745,845.60
2026-01-02T09:32:43,100.9233,1161.78
2026-01-02T09:32:44,100.9524,459.59
2026-01-02T09:32:45,100.9658,668.39
2026-01-02T09:32:46,100.9709,716.26
2026-01-02T09:32:47,101.0329,543.81
2026-01-02T09:32:48,101.0473,1126.55
2026-01-02T09:32:49,101.0102,837.92
2026-01-02T09:32:50,101.0195,675.85
2026-01-02T09:32:51,101.0488,817.47
2026-01-02T09:32:52,101.0064,1117.16
2026-01-02T09:32:53,101.0422,769.92
2026-01-02T09:32:54,101.0137,658.81
2026-01-02T09:32:55,101.0692,773.63
2026-01-02T09:32:56,101.0900,766.80
2026-01-02T09:32:57,101.1179,779.12
2026-01-02T09:32:58,101.1524,767.02
2026-01-02T09:32:59,101.1899,921.03
2026-01-02T09:33:00,101.1848,645.24
2026-01-02T09:33:01,101.1426,666.67
2026-01-02T09:33:02,101.0984,955.84
2026-01-02T09:33:03,101.0965,1082.62
2026-01-02T09:33:04,101.1992,804.36
2026-01-02T09:33:05,101.1296,731.34
2026-01-02T09:33:06,101.1264,532.08
2026-01-02T09:33:07,101.1152,851.65
2026-01-02T09:33:08,101.0947,661.68
2026-01-02T09:33:09,101.0607,1121.60
2026-01-02T09:33:10,101.0536,650.61
2026-01-02T09:33:11,101.0370,971.78
2026-01-02T09:33:12,101.0063,886.73
2026-01-02T09:33:13,101.0392,934.84
2026-01-02T09:33:14,101.1023,700.91
2026-01-02T09:33:15,101.1534,657.29
2026-01-02T09:33:16,101.1357,1015.30
2026-01-02T09:33:17,101.1728,800.38
2026-01-02T09:33:18,101.1193,901.10
2026-01-02T09:33:19,101.0911,633.70
2026-01-02T09:33:20,101.0620,844.37
2026-01-02T09:33:21,100.9667,864.94
2026-01-02T09:33:22,100.9746,694.79
2026-01-02T09:33:23,101.0214,910.06
2026-01-02T09:33:24,100.9942,679.40
2026-01-02T09:33:25,101.0256,527.11
2026-01-02T09:33:26,101.0108,686.41
2026-01-02T09:33:27,101.0140,838.00
2026-01-02T09:33:28,101.0158,1004.27
2026-01-02T09:33:29,101.0262,743.30
2026-01-02T09:33:30,100.9718,929.93
2026-01-02T09:33:31,100.9957,1061.15
2026-01-02T09:33:32,100.9621,804.76
2026-01-02T09:33:33,100.9596,784.23
2026-01-02T09:33:34,100.9602,491.38
2026-01-02T09:33:35,100.9974,917.58
2026-01-02T09:33:36,101.0484,1204.92
2026-01-02T09:33:37,101.0341,793.49
2026-01-02T09:33:38,101.0347,1149.59
2026-01-02T09:33:39,100.9568,887.44
2026-01-02T09:33:40,100.8908,335.32
2026-01-02T09:33:41,100.7999,551.28
2026-01-02T09:33:42,100.8481,643.70
2026-01-02T09:33:43,100.8380,590.57
2026-01-02T09:33:44,100.8656,601.65
2026-01-02T09:33:45,100.9249,621.24
2026-01-02T09:33:46,100.8906,822.09
2026-01-02T09:33:47,100.8918,1056.44
2026-01-02T09:33:48,100.8973,582.59
2026-01-02T09:33:49,100.8722,696.90
2026-01-02T09:33:50,100.9049,869.08
2026-01-02T09:33:51,100.8996,956.53
2026-01-02T09:33:52,100.8759,775.48
2026-01-02T09:33:53,100.8841,1075.07
2026-01-02T09:33:54,100.8798,736.86
2026-01-02T09:33:55,100.8328,923.49
2026-01-02T09:33:56,100.8064,861.86
2026-01-02T09:33:57,100.7209,987.77
2026-01-02T09:33:58,100.6610,660.08
2026-01-02T09:33:59,100.7087,559.80
2026-01-02T09:34:00,100.7052,813.37
2026-01-02T09:34:01,100.6604,1041.73
2026-01-02T09:34:02,100.7279,445.11
2026-01-02T09:34:03,100.6627,945.48
2026-01-02T09:34:04,100.6042,730.05
2026-01-02T09:34:05,100.6100,924.53
2026-01-02T09:34:06,100.6001,817.14
2026-01-02T09:34:07,100.5652,1032.63
2026-01-02T09:34:08,100.5429,861.15
2026-01-02T09:34:09,100.5200,819.14
2026-01-02T09:34:10,100.5125,770.76
2026-01-02T09:34:11,100.4669,943.35
2026-01-02T09:34:12,100.5306,843.77
2026-01-02T09:34:13,100.5636,950.85
2026-01-02T09:34:14,100.6054,854.60
2026-01-02T09:34:15,100.6150,955.52
2026-01-02T09:34:16,100.6181,624.69
2026-01-02T09:34:17,100.6192,460.09
2026-01-02T09:34:18,100.6190,874.41
2026-01-02T09:34:19,100.6747,827.23
2026-01-02T09:34:20,100.7165,799.90
2026-01-02T09:34:21,100.6704,545.95
2026-01-02T09:34:22,100.6268,554.09
2026-01-02T09:34:23,100.6554,762.63
2026-01-02T09:34:24,100.6811,813.22
2026-01-02T09:34:25,100.7281,990.83
2026-01-02T09:34:26,100.6991,750.62
2026-01-02T09:34:27,100.6751,508.16
2026-01-02T09:34:28,100.7055,1013.98
2026-01-02T09:34:29,100.7053,711.23
2026-01-02T09:34:30,100.7544,377.91
2026-01-02T09:34:31,100.7624,825.79
2026-01-02T09:34:32,100.7367,1050.48
2026-01-02T09:34:33,100.7804,752.99
2026-01-02T09:34:34,100.7765,730.16
2026-01-02T09:34:35,100.7535,564.52
2026-01-02T09:34:36,100.8156,985.04
2026-01-02T09:34:37,100.8515,603.02
2026-01-02T09:34:38,100.9452,1156.43
2026-01-02T09:34:39,100.9537,637.24
2026-01-02T09:34:40,100.9147,875.34
2026-01-02T09:34:41,100.8736,793.84
2026-01-02T09:34:42,100.9226,528.77
2026-01-02T09:34:43,101.0128,1082.01
2026-01-02T09:34:44,100.9572,545.54
2026-01-02T09:34:45,100.9444,614.39
2026-01-02T09:34:46,100.9325,335.39
2026-01-02T09:34:47,100.9222,1124.51
2026-01-02T09:34:48,100.8720,750.85
2026-01-02T09:34:49,100.8049,914.88
2026-01-02T09:34:50,100.7948,1149.33
2026-01-02T09:34:51,100.8041,733.01
2026-01-02T09:34:52,100.8288,708.88
2026-01-02T09:34:53,100.7685,854.35
2026-01-02T09:34:54,100.7607,829.94
2026-01-02T09:34:55,100.7775,708.14
2026-01-02T09:34:56,100.7965,1112.79
2026-01-02T09:34:57,100.7466,1112.74
2026-01-02T09:34:58,100.7357,662.01
2026-01-02T09:34:59,100.8448,827.90
2026-01-02T09:35:00,100.9065,947.17
2026-01-02T09:35:01,100.8308,821.75
2026-01-02T09:35:02,100.8072,558.48
2026-01-02T09:35:03,100.7274,818.41
2026-01-02T09:35:04,100.7539,870.32
2026-01-02T09:35:05,100.7401,656.27
2026-01-02T09:35:06,100.6957,700.07
2026-01-02T09:35:07,100.6492,763.41
2026-01-02T09:35:08,100.6481,638.72
2026-01-02T09:35:09,100.6376,663.14
2026-01-02T09:35:10,100.6373,891.28
2026-01-02T09:35:11,100.6453,884.99
2026-01-02T09:35:12,100.5709,731.83
2026-01-02T09:35:13,100.5833,915.41
2026-01-02T09:35:14,100.5114,828.65
2026-01-02T09:35:15,100.5656,767.85
2026-01-02T09:35:16,100.5613,881.08
2026-01-02T09:35:17,100.5724,921.43
2026-01-02T09:35:18,100.5756,827.45
2026-01-02T09:35:19,100.5403,769.32
2026-01-02T09:35:20,100.5966,763.25
2026-01-02T09:35:21,100.5890,711.53
2026-01-02T09:35:22,100.6243,646.16
2026-01-02T09:35:23,100.6652,631.34
2026-01-02T09:35:24,100.6176,837.07
2026-01-02T09:35:25,100.6234,853.56
2026-01-02T09:35:26,100.6711,725.75
2026-01-02T09:35:27,100.6910,636.23
2026-01-02T09:35:28,100.7476,913.84
2026-01-02T09:35:29,100.7716,833.82
2026-01-02T09:35:30,100.7362,741.07
2026-01-02T09:35:31,100.7587,796.55
2026-01-02T09:35:32,100.7642,555.23
2026-01-02T09:35:33,100.7723,675.45
2026-01-02T09:35:34,100.7234,772.16
2026-01-02T09:35:35,100.6398,925.74
2026-01-02T09:35:36,100.6781,790.38
2026-01-02T09:35:37,100.6333,629.83
2026-01-02T09:35:38,100.6264,363.73
2026-01-02T09:35:39,100.6344,919.60
2026-01-02T09:35:40,100.6203,711.01
2026-01-02T09:35:41,100.6284,863.12
2026-01-02T09:35:42,100.6775,803.31
2026-01-02T09:35:43,100.6464,716.97
2026-01-02T09:35:44,100.6545,1080.12
2026-01-02T09:35:45,100.6400,610.55
2026-01-02T09:35:46,100.6007,422.66
2026-01-02T09:35:47,100.6155,554.96
2026-01-02T09:35:48,100.5599,444.32
2026-01-02T09:35:49,100.5095,902.31
2026-01-02T09:35:50,100.4503,485.06
2026-01-02T09:35:51,100.4583,738.59
2026-01-02T09:35:52,100.4776,933.30
2026-01-02T09:35:53,100.4771,566.40
2026-01-02T09:35:54,100.4714,890.05
2026-01-02T09:35:55,100.4451,541.26
2026-01-02T09:35:56,100.4946,725.26
2026-01-02T09:35:57,100.4761,802.87
2026-01-02T09:35:58,100.5223,847.45
2026-01-02T09:35:59,100.5072,922.78
2026-01-02T09:36:00,100.6037,1049.80
2026-01-02T09:36:01,100.6339,597.99
2026-01-02T09:36:02,100.8026,584.24
2026-01-02T09:36:03,100.7858,674.02
2026-01-02T09:36:04,100.8589,875.64
2026-01-02T09:36:05,100.7945,848.17
2026-01-02T09:36:06,100.8190,742.67
2026-01-02T09:36:07,100.7640,669.49
2026-01-02T09:36:08,100.7442,804.09
2026-01-02T09:36:09,100.7207,932.34
2026-01-02T09:36:10,100.6778,488.35
2026-01-02T09:36:11,100.6444,1042.80
2026-01-02T09:36:12,100.6185,1221.35
2026-01-02T09:36:13,100.6405,590.40
2026-01-02T09:36:14,100.6028,843.81
2026-01-02T09:36:15,100.5497,1227.42
2026-01-02T09:36:16,100.5050,922.57
2026-01-02T09:36:17,100.5706,780.34
2026-01-02T09:36:18,100.5256,750.85
2026-01-02T09:36:19,100.5418,957.64
2026-01-02T09:36:20,100.5442,547.96
2026-01-02T09:36:21,100.5460,678.80
2026-01-02T09:36:22,100.4476,674.44
2026-01-02T09:36:23,100.3830,905.63
2026-01-02T09:36:24,100.4704,1134.58
2026-01-02T09:36:25,100.4444,715.87
2026-01-02T09:36:26,100.4753,991.03
2026-01-02T09:36:27,100.4563,774.33
2026-01-02T09:36:28,100.5555,780.66
2026-01-02T09:36:29,100.5335,821.58
2026-01-02T09:36:30,100.5594,616.10
2026-01-02T09:36:31,100.5481,590.06
2026-01-02T09:36:32,100.5355,1137.85
2026-01-02T09:36:33,100.5687,783.34
2026-01-02T09:36:34,100.5266,743.95
2026-01-02T09:36:35,100.5737,698.90
2026-01-02T09:36:36,100.6388,552.75
2026-01-02T09:36:37,100.6256,1113.70
2026-01-02T09:36:38,100.5351,1013.91
2026-01-02T09:36:39,100.4517,783.79
2026-01-02T09:36:40,100.4438,948.37
2026-01-02T09:36:41,100.3017,454.79
2026-01-02T09:36:42,100.2761,806.64
2026-01-02T09:36:43,100.2357,760.24
2026-01-02T09:36:44,100.1822,727.77
2026-01-02T09:36:45,100.1439,843.92
2026-01-02T09:36:46,100.1700,1057.93
2026-01-02T09:36:47,100.1403,742.76
2026-01-02T09:36:48,100.1423,746.91
2026-01-02T09:36:49,100.1398,518.81
2026-01-02T09:36:50,100.1564,635.27
2026-01-02T09:36:51,100.1132,514.14
2026-01-02T09:36:52,100.1653,774.69
2026-01-02T09:36:53,100.2168,849.01
2026-01-02T09:36:54,100.1400,604.93
2026-01-02T09:36:55,100.1740,662.18
2026-01-02T09:36:56,100.1248,767.71
2026-01-02T09:36:57,100.1167,617.86
2026-01-02T09:36:58,100.1018,713.87
2026-01-02T09:36:59,99.9851,890.48
2026-01-02T09:37:00,99.9485,1034.80
2026-01-02T09:37:01,99.8966,515.67
2026-01-02T09:37:02,99.9499,514.69
2026-01-02T09:37:03,99.9211,907.52
2026-01-02T09:37:04,99.9061,502.02
2026-01-02T09:37:05,99.9144,765.02
2026-01-02T09:37:06,99.9720,905.96
2026-01-02T09:37:07,100.1085,503.74
2026-01-02T09:37:08,100.1074,608.00
2026-01-02T09:37:09,100.1592,947.93
2026-01-02T09:37:10,100.1930,660.08
2026-01-02T09:37:11,100.1593,434.66
2026-01-02T09:37:12,100.2361,891.48
2026-01-02T09:37:13,100.2242,968.03
2026-01-02T09:37:14,100.2578,975.55
2026-01-02T09:37:15,100.1846,671.51
2026-01-02T09:37:16,100.1933,863.98
2026-01-02T09:37:17,100.2362,618.45
2026-01-02T09:37:18,100.2418,1196.96
2026-01-02T09:37:19,100.2727,956.70
2026-01-02T09:37:20,100.2717,938.17
2026-01-02T09:37:21,100.3528,819.20
2026-01-02T09:37:22,100.4077,642.47
2026-01-02T09:37:23,100.4341,962.76
2026-01-02T09:37:24,100.4001,997.66
2026-01-02T09:37:25,100.3696,655.06
2026-01-02T09:37:26,100.3694,1147.76
2026-01-02T09:37:27,100.3832,968.44
2026-01-02T09:37:28,100.3501,813.95
2026-01-02T09:37:29,100.2970,697.20
2026-01-02T09:37:30,100.3345,793.09
2026-01-02T09:37:31,100.3996,763.57
2026-01-02T09:37:32,100.3906,1029.80
2026-01-02T09:37:33,100.3612,526.44
2026-01-02T09:37:34,100.4197,874.55
2026-01-02T09:37:35,100.3221,808.02
2026-01-02T09:37:36,100.3038,1114.07
2026-01-02T09:37:37,100.2708,695.46
2026-01-02T09:37:38,100.2297,610.27
2026-01-02T09:37:39,100.1981,541.53
2026-01-02T09:37:40,100.1515,510.81
2026-01-02T09:37:41,100.0840,519.26
2026-01-02T09:37:42,100.0604,676.94
2026-01-02T09:37:43,100.0051,886.09
2026-01-02T09:37:44,100.0028,722.24
2026-01-02T09:37:45,99.9818,1086.72
2026-01-02T09:37:46,99.9924,885.57
2026-01-02T09:37:47,99.8759,682.33
2026-01-02T09:37:48,99.7781,723.28
2026-01-02T09:37:49,99.7948,678.63
2026-01-02T09:37:50,99.8180,615.91
2026-01-02T09:37:51,99.8437,520.35
2026-01-02T09:37:52,99.8318,875.57
2026-01-02T09:37:53,99.8558,777.09
2026-01-02T09:37:54,99.9430,725.40
2026-01-02T09:37:55,99.9226,303.29
2026-01-02T09:37:56,100.0020,733.58
2026-01-02T09:37:57,99.9490,1037.76
2026-01-02T09:37:58,100.0045,819.50
2026-01-02T09:37:59,99.9398,875.42
2026-01-02T09:38:00,99.9117,589.26
2026-01-02T09:38:01,99.9585,416.13
2026-01-02T09:38:02,99.9839,882.68
2026-01-02T09:38:03,100.0761,858.53
2026-01-02T09:38:04,99.9834,649.50
2026-01-02T09:38:05,99.9861,864.00
2026-01-02T09:38:06,100.0302,447.26
2026-01-02T09:38:07,100.0152,974.57
2026-01-02T09:38:08,100.0846,1134.98
2026-01-02T09:38:09,100.0669,997.57
2026-01-02T09:38:10,100.1438,1015.65
2026-01-02T09:38:11,100.1763,949.00
2026-01-02T09:38:12,100.1406,539.50
2026-01-02T09:38:13,100.1847,737.53
2026-01-02T09:38:14,100.1834,695.83
2026-01-02T09:38:15,100.1656,841.89
2026-01-02T09:38:16,100.1195,812.33
2026-01-02T09:38:17,100.1305,786.08
2026-01-02T09:38:18,100.0969,941.59
2026-01-02T09:38:19,100.1811,691.78
2026-01-02T09:38:20,100.2365,960.07
2026-01-02T09:38:21,100.1174,662.99
2026-01-02T09:38:22,100.0890,940.72
2026-01-02T09:38:23,100.0977,885.39
2026-01-02T09:38:24,100.1266,638.19
2026-01-02T09:38:25,100.0933,579.88
2026-01-02T09:38:26,100.0859,778.56
2026-01-02T09:38:27,100.0939,669.08
2026-01-02T09:38:28,100.1349,965.08
2026-01-02T09:38:29,100.2048,928.04
2026-01-02T09:38:30,100.2134,921.04
2026-01-02T09:38:31,100.2411,682.67
2026-01-02T09:38:32,100.2994,1109.33
2026-01-02T09:38:33,100.3886,806.34
2026-01-02T09:38:34,100.4035,874.94
2026-01-02T09:38:35,100.4036,911.47
2026-01-02T09:38:36,100.3984,765.12
2026-01-02T09:38:37,100.4779,829.65
2026-01-02T09:38:38,100.4811,958.76
2026-01-02T09:38:39,100.4882,852.49
2026-01-02T09:38:40,100.4856,580.33
2026-01-02T09:38:41,100.4845,595.36
2026-01-02T09:38:42,100.4942,587.34
2026-01-02T09:38:43,100.5358,934.86
2026-01-02T09:38:44,100.5487,781.98
2026-01-02T09:38:45,100.5677,446.30
2026-01-02T09:38:46,100.5186,773.23
2026-01-02T09:38:47,100.5344,785.71
2026-01-02T09:38:48,100.4895,824.02
2026-01-02T09:38:49,100.4694,607.65
2026-01-02T09:38:50,100.4845,762.20
2026-01-02T09:38:51,100.5386,919.80
2026-01-02T09:38:52,100.5720,857.90
2026-01-02T09:38:53,100.5343,631.59
2026-01-02T09:38:54,100.4684,1318.22
2026-01-02T09:38:55,100.4201,762.23
2026-01-02T09:38:56,100.4042,749.40
2026-01-02T09:38:57,100.3782,463.70
2026-01-02T09:38:58,100.3336,549.68
2026-01-02T09:38:59,100.3282,676.84
2026-01-02T09:39:00,100.2976,838.86
2026-01-02T09:39:01,100.2716,967.78
2026-01-02T09:39:02,100.2546,840.53
2026-01-02T09:39:03,100.1953,918.24
2026-01-02T09:39:04,100.1773,873.58
2026-01-02T09:39:05,100.1925,768.78
2026-01-02T09:39:06,100.2026,730.65
2026-01-02T09:39:07,100.2635,968.17
2026-01-02T09:39:08,100.2855,587.57
2026-01-02T09:39:09,100.2364,680.50
2026-01-02T09:39:10,100.2257,880.64
2026-01-02T09:39:11,100.1857,1011.87
2026-01-02T09:39:12,100.1862,437.70
2026-01-02T09:39:13,100.1651,334.67
2026-01-02T09:39:14,100.1316,701.16
2026-01-02T09:39:15,100.1045,741.45
2026-01-02T09:39:16,100.0871,693.13
2026-01-02T09:39:17,100.1550,1018.68
2026-01-02T09:39:18,100.1040,1025.70
2026-01-02T09:39:19,100.0313,653.37
2026-01-02T09:39:20,100.1003,396.88
2026-01-02T09:39:21,100.1265,574.37
2026-01-02T09:39:22,100.1204,767.56
2026-01-02T09:39:23,100.1971,654.09
2026-01-02T09:39:24,100.1944,912.86
2026-01-02T09:39:25,100.1834,652.03
2026-01-02T09:39:26,100.1811,816.83
2026-01-02T09:39:27,100.2212,630.25
2026-01-02T09:39:28,100.2013,858.13
2026-01-02T09:39:29,100.1942,766.65
2026-01-02T09:39:30,100.1938,674.75
2026-01-02T09:39:31,100.1581,879.33
2026-01-02T09:39:32,100.1092,1009.77
2026-01-02T09:39:33,100.1194,570.22
2026-01-02T09:39:34,100.1325,830.11
2026-01-02T09:39:35,100.1671,1008.59
2026-01-02T09:39:36,100.1510,672.60
2026-01-02T09:39:37,100.1241,623.40
2026-01-02T09:39:38,100.0909,851.21
2026-01-02T09:39:39,100.0919,711.56
2026-01-02T09:39:40,100.0591,862.62
2026-01-02T09:39:41,100.0369,612.77
2026-01-02T09:39:42,100.0305,752.39
2026-01-02T09:39:43,99.9827,948.89
2026-01-02T09:39:44,100.0211,807.36
2026-01-02T09:39:45,100.0274,894.92
2026-01-02T09:39:46,100.0264,960.43
2026-01-02T09:39:47,100.1013,814.49
2026-01-02T09:39:48,100.1215,957.22
2026-01-02T09:39:49,100.1067,596.91
2026-01-02T09:39:50,100.1478,517.62
2026-01-02T09:39:51,100.2287,956.68
2026-01-02T09:39:52,100.2376,809.20
2026-01-02T09:39:53,100.3168,629.68
2026-01-02T09:39:54,100.2650,692.34
2026-01-02T09:39:55,100.2536,618.84
2026-01-02T09:39:56,100.2609,824.47
2026-01-02T09:39:57,100.2247,1088.55
2026-01-02T09:39:58,100.1624,570.19
2026-01-02T09:39:59,100.1798,762.65
2026-01-02T09:40:00,100.1990,688.59
2026-01-02T09:40:01,100.1529,683.80
2026-01-02T09:40:02,100.1225,894.50
2026-01-02T09:40:03,100.1013,937.06
2026-01-02T09:40:04,100.1282,987.31
2026-01-02T09:40:05,100.1692,941.18
2026-01-02T09:40:06,100.2042,707.00
2026-01-02T09:40:07,100.1929,470.58
2026-01-02T09:40:08,100.2064,678.72
2026-01-02T09:40:09,100.2249,894.95
2026-01-02T09:40:10,100.1645,617.51
2026-01-02T09:40:11,100.1492,706.83
2026-01-02T09:40:12,100.1571,592.02
2026-01-02T09:40:13,100.1597,496.07
2026-01-02T09:40:14,100.0631,929.00
2026-01-02T09:40:15,100.0048,699.21
2026-01-02T09:40:16,99.9414,546.40
2026-01-02T09:40:17,99.9239,726.18
2026-01-02T09:40:18,99.9686,880.91
2026-01-02T09:40:19,99.9573,936.38
2026-01-02T09:40:20,100.0079,874.03
2026-01-02T09:40:21,99.9901,983.35
2026-01-02T09:40:22,100.0701,918.90
2026-01-02T09:40:23,100.1502,966.79
2026-01-02T09:40:24,100.1889,603.77
2026-01-02T09:40:25,100.1392,791.09
2026-01-02T09:40:26,100.0645,693.27
2026-01-02T09:40:27,100.1040,680.27
2026-01-02T09:40:28,100.1284,556.77
2026-01-02T09:40:29,100.1067,984.22
2026-01-02T09:40:30,100.1165,852.25
2026-01-02T09:40:31,100.1937,1033.42
2026-01-02T09:40:32,100.1547,1037.22
2026-01-02T09:40:33,100.1274,796.83
2026-01-02T09:40:34,100.1286,993.15
2026-01-02T09:40:35,100.0782,881.33
2026-01-02T09:40:36,100.1022,946.07
2026-01-02T09:40:37,100.0932,980.61
2026-01-02T09:40:38,100.0617,1006.47
2026-01-02T09:40:39,100.0780,547.99
2026-01-02T09:40:40,100.0968,832.27
2026-01-02T09:40:41,100.0813,667.47
2026-01-02T09:40:42,100.0709,540.41
2026-01-02T09:40:43,100.1475,596.91
2026-01-02T09:40:44,100.1182,1006.08
2026-01-02T09:40:45,100.1450,929.64
2026-01-02T09:40:46,100.2137,743.81
2026-01-02T09:40:47,100.1670,951.97
2026-01-02T09:40:48,100.2033,741.16
2026-01-02T09:40:49,100.1469,1023.05
2026-01-02T09:40:50,100.1733,552.77
2026-01-02T09:40:51,100.2088,540.62
2026-01-02T09:40:52,100.1876,597.80
2026-01-02T09:40:53,100.1593,650.00
2026-01-02T09:40:54,100.1322,930.37
2026-01-02T09:40:55,100.1460,913.17
2026-01-02T09:40:56,100.1956,732.91
2026-01-02T09:40:57,100.1997,896.87
2026-01-02T09:40:58,100.2769,961.83
2026-01-02T09:40:59,100.3396,983.41
2026-01-02T09:41:00,100.3876,478.76
2026-01-02T09:41:01,100.4278,838.33
2026-01-02T09:41:02,100.4307,705.09
2026-01-02T09:41:03,100.4120,874.91
2026-01-02T09:41:04,100.4503,530.40
2026-01-02T09:41:05,100.4606,699.08
2026-01-02T09:41:06,100.4183,870.67
2026-01-02T09:41:07,100.4040,681.37
2026-01-02T09:41:08,100.3699,850.63
2026-01-02T09:41:09,100.3699,603.50
2026-01-02T09:41:10,100.3326,767.15
2026-01-02T09:41:11,100.3513,611.05
2026-01-02T09:41:12,100.3737,651.68
2026-01-02T09:41:13,100.4970,630.62
2026-01-02T09:41:14,100.4619,834.92
2026-01-02T09:41:15,100.4218,948.97
2026-01-02T09:41:16,100.5033,730.23
2026-01-02T09:41:17,100.5116,706.80
2026-01-02T09:41:18,100.5121,1057.71
2026-01-02T09:41:19,100.5528,637.24
2026-01-02T09:41:20,100.6229,1009.17
2026-01-02T09:41:21,100.6453,681.34
2026-01-02T09:41:22,100.6487,656.82
2026-01-02T09:41:23,100.6703,743.04
2026-01-02T09:41:24,100.5702,966.72
2026-01-02T09:41:25,100.5793,994.13
2026-01-02T09:41:26,100.5737,833.92
2026-01-02T09:41:27,100.6244,869.80
2026-01-02T09:41:28,100.6378,1378.59
2026-01-02T09:41:29,100.6307,830.45
2026-01-02T09:41:30,100.7092,655.10
2026-01-02T09:41:31,100.6629,542.23
2026-01-02T09:41:32,100.6874,912.61
2026-01-02T09:41:33,100.7213,556.36
2026-01-02T09:41:34,100.7670,1015.51
2026-01-02T09:41:35,100.7631,805.86
2026-01-02T09:41:36,100.7940,866.09
2026-01-02T09:41:37,100.8234,604.50
2026-01-02T09:41:38,100.8161,581.75
2026-01-02T09:41:39,100.8450,895.44
2026-01-02T09:41:40,100.8410,853.42
2026-01-02T09:41:41,100.7715,954.43
2026-01-02T09:41:42,100.7510,823.23
2026-01-02T09:41:43,100.8017,663.83
2026-01-02T09:41:44,100.8560,822.33
2026-01-02T09:41:45,100.8578,900.09
2026-01-02T09:41:46,100.8022,906.94
2026-01-02T09:41:47,100.8054,986.53
2026-01-02T09:41:48,100.7962,734.60
2026-01-02T09:41:49,100.8133,789.31
2026-01-02T09:41:50,100.7610,765.09
2026-01-02T09:41:51,100.8185,783.24
2026-01-02T09:41:52,100.7799,928.87
2026-01-02T09:41:53,100.6970,418.35
2026-01-02T09:41:54,100.6973,832.57
2026-01-02T09:41:55,100.7077,639.30
2026-01-02T09:41:56,100.7014,548.23
2026-01-02T09:41:57,100.7118,509.24
2026-01-02T09:41:58,100.7056,847.08
2026-01-02T09:41:59,100.6270,705.95
2026-01-02T09:42:00,100.6630,1078.81
2026-01-02T09:42:01,100.5958,861.19
2026-01-02T09:42:02,100.5407,557.85
2026-01-02T09:42:03,100.6130,920.27
2026-01-02T09:42:04,100.5773,839.42
2026-01-02T09:42:05,100.6067,832.63
2026-01-02T09:42:06,100.7083,909.04
2026-01-02T09:42:07,100.5741,747.76
2026-01-02T09:42:08,100.5415,763.25
2026-01-02T09:42:09,100.5426,682.79
2026-01-02T09:42:10,100.4943,1045.41
2026-01-02T09:42:11,100.5216,679.27
2026-01-02T09:42:12,100.5527,921.53
2026-01-02T09:42:13,100.6102,610.04
2026-01-02T09:42:14,100.6458,690.60
2026-01-02T09:42:15,100.6983,765.36
2026-01-02T09:42:16,100.5966,806.36
2026-01-02T09:42:17,100.5168,760.91
2026-01-02T09:42:18,100.5146,727.77
2026-01-02T09:42:19,100.4482,599.17
2026-01-02T09:42:20,100.4107,755.34
2026-01-02T09:42:21,100.4692,927.64
2026-01-02T09:42:22,100.4484,1029.30
2026-01-02T09:42:23,100.3873,923.30
2026-01-02T09:42:24,100.3799,842.54
2026-01-02T09:42:25,100.4092,677.68
2026-01-02T09:42:26,100.4457,798.32
2026-01-02T09:42:27,100.5547,745.23
2026-01-02T09:42:28,100.6123,916.48
2026-01-02T09:42:29,100.5600,1044.91
2026-01-02T09:42:30,100.5127,398.24
2026-01-02T09:42:31,100.5516,992.41
2026-01-02T09:42:32,100.5544,753.02
2026-01-02T09:42:33,100.6262,928.14
2026-01-02T09:42:34,100.5971,931.68
2026-01-02T09:42:35,100.5417,699.39
2026-01-02T09:42:36,100.4949,404.00
2026-01-02T09:42:37,100.4424,1020.02
2026-01-02T09:42:38,100.3934,700.99
2026-01-02T09:42:39,100.3417,955.81
2026-01-02T09:42:40,100.3422,888.33
2026-01-02T09:42:41,100.3379,589.22
2026-01-02T09:42:42,100.2945,950.71
2026-01-02T09:42:43,100.2924,939.39
2026-01-02T09:42:44,100.1506,999.82
2026-01-02T09:42:45,100.1288,1191.11
2026-01-02T09:42:46,100.1063,805.09
2026-01-02T09:42:47,100.1365,642.36
2026-01-02T09:42:48,100.1762,683.86
2026-01-02T09:42:49,100.2347,942.78
2026-01-02T09:42:50,100.2575,669.65
2026-01-02T09:42:51,100.2485,853.98
2026-01-02T09:42:52,100.1574,700.69
2026-01-02T09:42:53,100.2001,571.73
2026-01-02T09:42:54,100.2581,686.90
2026-01-02T09:42:55,100.2731,593.42
2026-01-02T09:42:56,100.2954,883.29
2026-01-02T09:42:57,100.3470,1043.73
2026-01-02T09:42:58,100.4038,837.61
2026-01-02T09:42:59,100.3491,1038.28
2026-01-02T09:43:00,100.2909,721.03
2026-01-02T09:43:01,100.3245,879.84
2026-01-02T09:43:02,100.3966,799.27
2026-01-02T09:43:03,100.3210,750.45
2026-01-02T09:43:04,100.3293,736.89
2026-01-02T09:43:05,100.3933,755.43
2026-01-02T09:43:06,100.3292,884.02
2026-01-02T09:43:07,100.2780,1105.98
2026-01-02T09:43:08,100.2906,547.41
2026-01-02T09:43:09,100.3396,1226.46
2026-01-02T09:43:10,100.2498,962.55
2026-01-02T09:43:11,100.2721,831.62
2026-01-02T09:43:12,100.2879,888.54
2026-01-02T09:43:13,100.2572,1053.98
2026-01-02T09:43:14,100.1969,1152.54
2026-01-02T09:43:15,100.2661,586.50
2026-01-02T09:43:16,100.2663,1055.57
2026-01-02T09:43:17,100.2446,770.77
2026-01-02T09:43:18,100.2269,1010.15
2026-01-02T09:43:19,100.2000,798.23
2026-01-02T09:43:20,100.2247,762.63
2026-01-02T09:43:21,100.1862,558.52
2026-01-02T09:43:22,100.1183,587.64
2026-01-02T09:43:23,100.0413,669.16
2026-01-02T09:43:24,100.0552,809.74
2026-01-02T09:43:25,100.0184,616.76
2026-01-02T09:43:26,99.9741,550.18
2026-01-02T09:43:27,99.9189,928.59
2026-01-02T09:43:28,99.8562,803.12
2026-01-02T09:43:29,99.8288,1237.03
2026-01-02T09:43:30,99.7483,834.79
2026-01-02T09:43:31,99.7337,661.20
2026-01-02T09:43:32,99.7483,828.01
2026-01-02T09:43:33,99.7006,876.73
2026-01-02T09:43:34,99.7185,1035.70
2026-01-02T09:43:35,99.6915,1064.68
2026-01-02T09:43:36,99.6830,444.32
2026-01-02T09:43:37,99.7070,785.31
2026-01-02T09:43:38,99.6677,967.98
2026-01-02T09:43:39,99.6468,983.04
2026-01-02T09:43:40,99.6435,935.06
2026-01-02T09:43:41,99.6745,885.17
2026-01-02T09:43:42,99.6284,965.55
2026-01-02T09:43:43,99.6298,1160.41
2026-01-02T09:43:44,99.6517,935.20
2026-01-02T09:43:45,99.6177,726.89
2026-01-02T09:43:46,99.6224,589.31
2026-01-02T09:43:47,99.5702,780.46
2026-01-02T09:43:48,99.5670,836.37
2026-01-02T09:43:49,99.6177,727.94
2026-01-02T09:43:50,99.6487,773.97
2026-01-02T09:43:51,99.6404,846.27
2026-01-02T09:43:52,99.5477,811.94
2026-01-02T09:43:53,99.5193,632.63
2026-01-02T09:43:54,99.4348,720.28
2026-01-02T09:43:55,99.3507,956.62
2026-01-02T09:43:56,99.3403,497.23
2026-01-02T09:43:57,99.3103,935.89
2026-01-02T09:43:58,99.2839,749.38
2026-01-02T09:43:59,99.2677,776.91
2026-01-02T09:44:00,99.1916,791.82
2026-01-02T09:44:01,99.1668,1331.68
2026-01-02T09:44:02,99.1576,717.99
2026-01-02T09:44:03,99.2024,771.91
2026-01-02T09:44:04,99.2142,642.66
2026-01-02T09:44:05,99.2845,687.02
2026-01-02T09:44:06,99.3018,1003.82
2026-01-02T09:44:07,99.2884,799.97
2026-01-02T09:44:08,99.3152,922.88
2026-01-02T09:44:09,99.2665,832.67
2026-01-02T09:44:10,99.2243,665.83
2026-01-02T09:44:11,99.1954,1018.88
2026-01-02T09:44:12,99.2676,1268.98
2026-01-02T09:44:13,99.2654,648.55
2026-01-02T09:44:14,99.2221,1089.35
2026-01-02T09:44:15,99.1532,742.95
2026-01-02T09:44:16,99.1281,1115.00
2026-01-02T09:44:17,99.0828,998.30
2026-01-02T09:44:18,99.1423,769.98
2026-01-02T09:44:19,99.1636,523.03
2026-01-02T09:44:20,99.1599,761.30
2026-01-02T09:44:21,99.0442,874.77
2026-01-02T09:44:22,99.0605,495.19
2026-01-02T09:44:23,98.9972,665.13
2026-01-02T09:44:24,98.9738,744.85
2026-01-02T09:44:25,98.9310,618.59
2026-01-02T09:44:26,98.9451,714.46
2026-01-02T09:44:27,98.9406,758.66
2026-01-02T09:44:28,98.9615,772.23
2026-01-02T09:44:29,99.0006,818.54
2026-01-02T09:44:30,99.0409,1024.47
2026-01-02T09:44:31,98.9755,965.96
2026-01-02T09:44:32,99.0560,624.94
2026-01-02T09:44:33,99.0549,735.70
2026-01-02T09:44:34,99.0750,893.60
2026-01-02T09:44:35,99.0452,1036.26
2026-01-02T09:44:36,99.0070,775.10
2026-01-02T09:44:37,99.0533,1151.62
2026-01-02T09:44:38,99.0306,940.81
2026-01-02T09:44:39,99.0408,515.16
2026-01-02T09:44:40,98.9981,583.14
2026-01-02T09:44:41,98.9757,724.98
2026-01-02T09:44:42,98.9773,1029.98
2026-01-02T09:44:43,98.9966,1277.55
2026-01-02T09:44:44,98.9859,942.07
2026-01-02T09:44:45,99.0049,1071.18
2026-01-02T09:44:46,98.9881,952.15
2026-01-02T09:44:47,99.0617,670.25
2026-01-02T09:44:48,99.0586,890.78
2026-01-02T09:44:49,99.0394,642.46
2026-01-02T09:44:50,99.1221,758.66
2026-01-02T09:44:51,99.2004,708.48
2026-01-02T09:44:52,99.1914,943.49
2026-01-02T09:44:53,99.1824,638.20
2026-01-02T09:44:54,99.1503,849.08
2026-01-02T09:44:55,99.1206,815.85
2026-01-02T09:44:56,99.0193,699.54
2026-01-02T09:44:57,99.0114,707.72
2026-01-02T09:44:58,98.9670,640.97
2026-01-02T09:44:59,98.9704,1067.67
2026-01-02T09:45:00,98.9074,750.27
2026-01-02T09:45:01,98.9513,860.20
2026-01-02T09:45:02,98.9470,718.87
2026-01-02T09:45:03,98.9475,781.81
2026-01-02T09:45:04,98.8490,671.16
2026-01-02T09:45:05,98.7612,1032.39
2026-01-02T09:45:06,98.7981,658.12
2026-01-02T09:45:07,98.8343,1240.76
2026-01-02T09:45:08,98.8061,1033.87
2026-01-02T09:45:09,98.8224,757.39
2026-01-02T09:45:10,98.7725,699.93
2026-01-02T09:45:11,98.7546,383.16
2026-01-02T09:45:12,98.7784,742.09
2026-01-02T09:45:13,98.7990,724.54
2026-01-02T09:45:14,98.9338,501.69
2026-01-02T09:45:15,98.8917,926.94
2026-01-02T09:45:16,98.9977,621.36
2026-01-02T09:45:17,99.0799,634.93
2026-01-02T09:45:18,99.1380,813.57
2026-01-02T09:45:19,99.2383,1120.76
2026-01-02T09:45:20,99.2090,1328.43
2026-01-02T09:45:21,99.1583,743.55
2026-01-02T09:45:22,99.2396,667.74
2026-01-02T09:45:23,99.2106,823.51
2026-01-02T09:45:24,99.2309,869.69
2026-01-02T09:45:25,99.1972,835.44
2026-01-02T09:45:26,99.2258,1070.72
2026-01-02T09:45:27,99.2404,574.46
2026-01-02T09:45:28,99.2416,688.29
2026-01-02T09:45:29,99.3008,498.42
2026-01-02T09:45:30,99.3259,608.23
2026-01-02T09:45:31,99.3830,938.81
2026-01-02T09:45:32,99.3928,890.89
2026-01-02T09:45:33,99.3775,921.64
2026-01-02T09:45:34,99.3751,931.62
2026-01-02T09:45:35,99.3776,353.39
2026-01-02T09:45:36,99.3544,1073.15
2026-01-02T09:45:37,99.4196,818.82
2026-01-02T09:45:38,99.4138,739.66
2026-01-02T09:45:39,99.4421,904.23
2026-01-02T09:45:40,99.3979,919.10
2026-01-02T09:45:41,99.4532,628.12
2026-01-02T09:45:42,99.4447,883.44
2026-01-02T09:45:43,99.4771,724.30
2026-01-02T09:45:44,99.4532,716.50
2026-01-02T09:45:45,99.4704,877.24
2026-01-02T09:45:46,99.4694,554.44
2026-01-02T09:45:47,99.4202,914.63
2026-01-02T09:45:48,99.3651,840.74
2026-01-02T09:45:49,99.3487,691.60
2026-01-02T09:45:50,99.3498,1101.74
2026-01-02T09:45:51,99.3627,746.78
2026-01-02T09:45:52,99.2962,892.20
2026-01-02T09:45:53,99.3472,909.33
2026-01-02T09:45:54,99.3996,885.79
2026-01-02T09:45:55,99.3408,791.91
2026-01-02T09:45:56,99.3643,929.78
2026-01-02T09:45:57,99.3419,788.59
2026-01-02T09:45:58,99.3583,1028.83
2026-01-02T09:45:59,99.4034,916.34
2026-01-02T09:46:00,99.4210,615.45
2026-01-02T09:46:01,99.3714,783.47
2026-01-02T09:46:02,99.4181,871.16
2026-01-02T09:46:03,99.4432,529.72
2026-01-02T09:46:04,99.3773,1001.58
2026-01-02T09:46:05,99.3756,563.54
2026-01-02T09:46:06,99.4151,846.45
2026-01-02T09:46:07,99.5478,1025.00
2026-01-02T09:46:08,99.5632,772.80
2026-01-02T09:46:09,99.5736,781.52
2026-01-02T09:46:10,99.5087,966.95
2026-01-02T09:46:11,99.5209,304.15
2026-01-02T09:46:12,99.4921,650.83
2026-01-02T09:46:13,99.5361,792.07
2026-01-02T09:46:14,99.6029,513.53
2026-01-02T09:46:15,99.5544,992.08
2026-01-02T09:46:16,99.5247,609.45
2026-01-02T09:46:17,99.5009,663.23
2026-01-02T09:46:18,99.5250,1001.27
2026-01-02T09:46:19,99.4534,747.66
2026-01-02T09:46:20,99.4539,814.79
2026-01-02T09:46:21,99.4913,821.57
2026-01-02T09:46:22,99.4650,599.86
2026-01-02T09:46:23,99.3828,733.20
2026-01-02T09:46:24,99.3833,965.91
2026-01-02T09:46:25,99.3661,1218.27
2026-01-02T09:46:26,99.3625,713.00
2026-01-02T09:46:27,99.3795,625.30
2026-01-02T09:46:28,99.3888,428.46
2026-01-02T09:46:29,99.4190,812.00
2026-01-02T09:46:30,99.4284,827.87
2026-01-02T09:46:31,99.3709,638.25
2026-01-02T09:46:32,99.4412,889.03
2026-01-02T09:46:33,99.4142,875.79
2026-01-02T09:46:34,99.4324,1151.81
2026-01-02T09:46:35,99.4822,874.01
2026-01-02T09:46:36,99.4619,1121.06
2026-01-02T09:46:37,99.4571,643.31
2026-01-02T09:46:38,99.4021,644.77
2026-01-02T09:46:39,99.3855,937.77
2026-01-02T09:46:40,99.4265,1007.19
2026-01-02T09:46:41,99.4332,949.67
2026-01-02T09:46:42,99.5347,963.85
2026-01-02T09:46:43,99.6067,528.09
2026-01-02T09:46:44,99.5732,664.80
2026-01-02T09:46:45,99.4526,813.26
2026-01-02T09:46:46,99.5151,703.64
2026-01-02T09:46:47,99.5237,646.27
2026-01-02T09:46:48,99.5015,851.36
2026-01-02T09:46:49,99.4475,1011.33
2026-01-02T09:46:50,99.3610,858.00
2026-01-02T09:46:51,99.3388,1068.05
2026-01-02T09:46:52,99.3729,424.85
2026-01-02T09:46:53,99.2637,619.76
2026-01-02T09:46:54,99.2410,765.98
2026-01-02T09:46:55,99.2422,921.25
2026-01-02T09:46:56,99.1806,475.90
2026-01-02T09:46:57,99.1918,735.02
2026-01-02T09:46:58,99.1870,684.47
2026-01-02T09:46:59,99.1791,1067.57
2026-01-02T09:47:00,99.1059,579.40
2026-01-02T09:47:01,99.1346,1082.13
2026-01-02T09:47:02,99.1252,572.71
2026-01-02T09:47:03,99.0350,846.90
2026-01-02T09:47:04,98.9787,1191.60
2026-01-02T09:47:05,99.0839,840.73
2026-01-02T09:47:06,99.1056,778.78
2026-01-02T09:47:07,99.1569,799.45
2026-01-02T09:47:08,99.1596,1044.87
2026-01-02T09:47:09,99.1876,1183.58
2026-01-02T09:47:10,99.1138,700.00
2026-01-02T09:47:11,99.0730,951.52
2026-01-02T09:47:12,99.0507,908.42
2026-01-02T09:47:13,98.9979,783.02
2026-01-02T09:47:14,99.1012,1094.91
2026-01-02T09:47:15,99.0165,865.63
2026-01-02T09:47:16,99.0536,711.19
2026-01-02T09:47:17,99.0038,919.16
2026-01-02T09:47:18,99.0082,899.46
2026-01-02T09:47:19,99.0010,1219.61
2026-01-02T09:47:20,98.9597,710.72
2026-01-02T09:47:21,98.9828,931.71
2026-01-02T09:47:22,98.9206,1033.52
2026-01-02T09:47:23,98.8549,801.15
2026-01-02T09:47:24,98.8409,672.63
2026-01-02T09:47:25,98.8918,377.53
2026-01-02T09:47:26,98.8588,637.50
2026-01-02T09:47:27,98.8981,1079.08
2026-01-02T09:47:28,98.9328,1051.15
2026-01-02T09:47:29,98.8326,829.45
2026-01-02T09:47:30,98.7703,732.51
2026-01-02T09:47:31,98.7812,817.03
2026-01-02T09:47:32,98.8429,443.85
2026-01-02T09:47:33,98.8052,533.49
2026-01-02T09:47:34,98.7314,981.04
2026-01-02T09:47:35,98.7395,1080.19
2026-01-02T09:47:36,98.7927,812.27
2026-01-02T09:47:37,98.7489,978.52
2026-01-02T09:47:38,98.7177,584.10
2026-01-02T09:47:39,98.6658,821.93
2026-01-02T09:47:40,98.7227,809.47
2026-01-02T09:47:41,98.7777,816.44
2026-01-02T09:47:42,98.7584,1289.81
2026-01-02T09:47:43,98.8402,835.44
2026-01-02T09:47:44,98.8027,510.37
2026-01-02T09:47:45,98.8206,754.01
2026-01-02T09:47:46,98.8415,858.15
2026-01-02T09:47:47,98.8611,1005.60
2026-01-02T09:47:48,98.8751,669.78
2026-01-02T09:47:49,98.8404,904.96
2026-01-02T09:47:50,98.7920,929.30
2026-01-02T09:47:51,98.8241,792.10
2026-01-02T09:47:52,98.7888,480.26
2026-01-02T09:47:53,98.7382,507.33
2026-01-02T09:47:54,98.7393,720.39
2026-01-02T09:47:55,98.6977,957.07
2026-01-02T09:47:56,98.7035,808.57
2026-01-02T09:47:57,98.7285,986.56
2026-01-02T09:47:58,98.6563,927.20
2026-01-02T09:47:59,98.5748,657.01
2026-01-02T09:48:00,98.6203,924.42
2026-01-02T09:48:01,98.6501,832.78
2026-01-02T09:48:02,98.7136,522.66
2026-01-02T09:48:03,98.6998,808.52
2026-01-02T09:48:04,98.7913,984.78
2026-01-02T09:48:05,98.8380,662.96
2026-01-02T09:48:06,98.9391,884.93
2026-01-02T09:48:07,98.8938,1222.16
2026-01-02T09:48:08,98.8295,643.63
2026-01-02T09:48:09,98.8189,623.52
2026-01-02T09:48:10,98.8426,849.82
2026-01-02T09:48:11,98.8476,1140.89
2026-01-02T09:48:12,98.7740,1045.95
2026-01-02T09:48:13,98.7369,1063.19
2026-01-02T09:48:14,98.8225,1214.28
2026-01-02T09:48:15,98.8139,590.61
2026-01-02T09:48:16,98.8286,790.39
2026-01-02T09:48:17,98.7492,932.40
2026-01-02T09:48:18,98.7077,1059.56
2026-01-02T09:48:19,98.7510,749.36
2026-01-02T09:48:20,98.7526,756.34
2026-01-02T09:48:21,98.7320,1357.70
2026-01-02T09:48:22,98.6898,809.96
2026-01-02T09:48:23,98.7344,730.82
2026-01-02T09:48:24,98.7060,560.76
2026-01-02T09:48:25,98.7596,928.16
2026-01-02T09:48:26,98.7808,528.42
2026-01-02T09:48:27,98.8034,851.35
2026-01-02T09:48:28,98.7881,552.19
2026-01-02T09:48:29,98.7855,643.25
2026-01-02T09:48:30,98.7891,811.40
2026-01-02T09:48:31,98.7739,958.76
2026-01-02T09:48:32,98.7708,895.24
2026-01-02T09:48:33,98.7896,981.47
2026-01-02T09:48:34,98.7462,737.85
2026-01-02T09:48:35,98.7877,827.64
2026-01-02T09:48:36,98.8383,934.14
2026-01-02T09:48:37,98.8183,958.49
2026-01-02T09:48:38,98.8067,972.19
2026-01-02T09:48:39,98.8901,996.49
2026-01-02T09:48:40,98.9931,520.72
2026-01-02T09:48:41,98.9684,752.06
2026-01-02T09:48:42,98.9504,867.04
2026-01-02T09:48:43,98.9338,999.10
2026-01-02T09:48:44,98.9781,874.43
2026-01-02T09:48:45,98.9325,898.53
2026-01-02T09:48:46,98.9629,863.70
2026-01-02T09:48:47,98.9642,1052.06
2026-01-02T09:48:48,98.9395,733.99
2026-01-02T09:48:49,98.9696,895.54
2026-01-02T09:48:50,99.0079,748.88
2026-01-02T09:48:51,98.9488,577.24
2026-01-02T09:48:52,98.9293,942.64
2026-01-02T09:48:53,98.9649,473.14
2026-01-02T09:48:54,98.9890,784.30
2026-01-02T09:48:55,98.9421,1194.34
2026-01-02T09:48:56,98.9540,948.93
2026-01-02T09:48:57,99.0695,695.40
2026-01-02T09:48:58,99.0517,1068.02
2026-01-02T09:48:59,98.9928,813.31
2026-01-02T09:49:00,98.9949,974.63
2026-01-02T09:49:01,99.0132,635.63
2026-01-02T09:49:02,99.0570,952.13
2026-01-02T09:49:03,99.0097,676.20
2026-01-02T09:49:04,98.9861,593.12
2026-01-02T09:49:05,99.0340,741.71
2026-01-02T09:49:06,99.0215,613.20
2026-01-02T09:49:07,99.0038,1067.29
2026-01-02T09:49:08,99.0375,508.87
2026-01-02T09:49:09,98.9930,914.41
2026-01-02T09:49:10,98.9706,700.42
2026-01-02T09:49:11,98.9319,560.41
2026-01-02T09:49:12,98.9362,731.55
2026-01-02T09:49:13,98.9876,787.99
2026-01-02T09:49:14,98.9442,924.88
2026-01-02T09:49:15,99.0048,667.57
2026-01-02T09:49:16,98.9282,713.79
2026-01-02T09:49:17,98.8675,1095.49
2026-01-02T09:49:18,98.8051,741.01
2026-01-02T09:49:19,98.8715,956.82
2026-01-02T09:49:20,98.8484,659.05
2026-01-02T09:49:21,98.8403,756.77
2026-01-02T09:49:22,98.9077,772.16
2026-01-02T09:49:23,98.8470,977.44
2026-01-02T09:49:24,98.8937,759.18
2026-01-02T09:49:25,98.9285,809.22
2026-01-02T09:49:26,98.8742,785.41
2026-01-02T09:49:27,98.8228,685.85
2026-01-02T09:49:28,98.7806,859.91
2026-01-02T09:49:29,98.7890,562.46
2026-01-02T09:49:30,98.7477,799.52
2026-01-02T09:49:31,98.7687,813.00
2026-01-02T09:49:32,98.6694,1031.64
2026-01-02T09:49:33,98.7493,1085.08
2026-01-02T09:49:34,98.7738,920.96
2026-01-02T09:49:35,98.7444,833.94
2026-01-02T09:49:36,98.6936,821.92
2026-01-02T09:49:37,98.6294,905.34
2026-01-02T09:49:38,98.6135,938.07
2026-01-02T09:49:39,98.6218,717.28
2026-01-02T09:49:40,98.6598,588.79
2026-01-02T09:49:41,98.6480,703.24
2026-01-02T09:49:42,98.6815,786.41
2026-01-02T09:49:43,98.6938,894.58
2026-01-02T09:49:44,98.5883,633.26
2026-01-02T09:49:45,98.5936,982.25
2026-01-02T09:49:46,98.6194,1035.94
2026-01-02T09:49:47,98.6095,818.12
2026-01-02T09:49:48,98.5871,721.58
2026-01-02T09:49:49,98.5499,702.21
2026-01-02T09:49:50,98.5414,682.72
2026-01-02T09:49:51,98.5427,472.65
2026-01-02T09:49:52,98.5620,831.94
2026-01-02T09:49:53,98.5822,716.57
2026-01-02T09:49:54,98.5594,976.82
2026-01-02T09:49:55,98.5526,1157.58
2026-01-02T09:49:56,98.4894,755.47
2026-01-02T09:49:57,98.4388,658.39
2026-01-02T09:49:58,98.4033,713.47
2026-01-02T09:49:59,98.4386,594.10
2026-01-02T09:50:00,98.4662,540.64
2026-01-02T09:50:01,98.4481,1037.57
2026-01-02T09:50:02,98.4690,849.01
2026-01-02T09:50:03,98.4974,903.68
2026-01-02T09:50:04,98.5258,1052.66
2026-01-02T09:50:05,98.4792,787.27
2026-01-02T09:50:06,98.5080,934.94
2026-01-02T09:50:07,98.5332,1035.18
2026-01-02T09:50:08,98.5107,557.05
2026-01-02T09:50:09,98.5681,799.86
2026-01-02T09:50:10,98.5435,806.44
2026-01-02T09:50:11,98.5242,981.12
2026-01-02T09:50:12,98.5644,856.11
2026-01-02T09:50:13,98.5888,805.87
2026-01-02T09:50:14,98.6352,374.60
2026-01-02T09:50:15,98.5827,792.81
2026-01-02T09:50:16,98.5642,628.91
2026-01-02T09:50:17,98.5922,623.89
2026-01-02T09:50:18,98.6021,822.37
2026-01-02T09:50:19,98.6049,650.75
2026-01-02T09:50:20,98.5963,1020.85
2026-01-02T09:50:21,98.6209,973.31
2026-01-02T09:50:22,98.6174,493.59
2026-01-02T09:50:23,98.5965,772.88
2026-01-02T09:50:24,98.6552,1004.47
2026-01-02T09:50:25,98.6745,645.83
2026-01-02T09:50:26,98.6804,752.89
2026-01-02T09:50:27,98.6696,577.97
2026-01-02T09:50:28,98.6906,794.63
2026-01-02T09:50:29,98.7269,536.91
2026-01-02T09:50:30,98.6763,1456.33
2026-01-02T09:50:31,98.6369,851.76
2026-01-02T09:50:32,98.6567,623.21
2026-01-02T09:50:33,98.7346,788.19
2026-01-02T09:50:34,98.7414,1127.31
2026-01-02T09:50:35,98.7060,712.22
2026-01-02T09:50:36,98.6906,552.92
2026-01-02T09:50:37,98.7031,885.15
2026-01-02T09:50:38,98.7115,918.05
2026-01-02T09:50:39,98.7506,860.97
2026-01-02T09:50:40,98.7399,1019.67
2026-01-02T09:50:41,98.7087,1051.34
2026-01-02T09:50:42,98.7001,937.66
2026-01-02T09:50:43,98.7825,392.34
2026-01-02T09:50:44,98.7740,727.29
2026-01-02T09:50:45,98.8509,726.77
2026-01-02T09:50:46,98.9739,524.98
2026-01-02T09:50:47,98.9898,730.47
2026-01-02T09:50:48,99.0126,698.27
2026-01-02T09:50:49,98.9925,471.89
2026-01-02T09:50:50,98.9975,530.37
2026-01-02T09:50:51,98.9387,815.64
2026-01-02T09:50:52,98.9334,984.88
2026-01-02T09:50:53,98.8726,875.78
2026-01-02T09:50:54,98.8873,745.57
2026-01-02T09:50:55,98.8513,785.76
2026-01-02T09:50:56,98.8912,732.72
2026-01-02T09:50:57,98.9295,750.71
2026-01-02T09:50:58,99.0072,804.82
2026-01-02T09:50:59,98.9995,510.05
2026-01-02T09:51:00,98.9354,868.63
2026-01-02T09:51:01,98.9253,850.63
2026-01-02T09:51:02,98.8947,772.92
2026-01-02T09:51:03,98.8668,853.14
2026-01-02T09:51:04,98.8571,1135.64
2026-01-02T09:51:05,98.8263,1001.39
2026-01-02T09:51:06,98.7790,716.24
2026-01-02T09:51:07,98.7413,1026.73
2026-01-02T09:51:08,98.7611,824.69
2026-01-02T09:51:09,98.7718,604.81
2026-01-02T09:51:10,98.8351,1050.12
2026-01-02T09:51:11,98.8337,802.39
2026-01-02T09:51:12,98.8630,768.45
2026-01-02T09:51:13,98.8542,711.30
2026-01-02T09:51:14,98.8387,714.31
2026-01-02T09:51:15,98.8717,740.91
2026-01-02T09:51:16,98.8526,687.17
2026-01-02T09:51:17,98.7853,1080.83
2026-01-02T09:51:18,98.8083,955.97
2026-01-02T09:51:19,98.7846,1062.30
2026-01-02T09:51:20,98.7913,1061.47
2026-01-02T09:51:21,98.7909,791.96
2026-01-02T09:51:22,98.7672,813.95
2026-01-02T09:51:23,98.7775,1068.69
2026-01-02T09:51:24,98.8470,816.19
2026-01-02T09:51:25,98.9020,310.82
2026-01-02T09:51:26,98.8809,844.95
2026-01-02T09:51:27,98.9210,876.16
2026-01-02T09:51:28,98.9186,716.93
2026-01-02T09:51:29,98.8828,1142.35
2026-01-02T09:51:30,98.9334,1035.40
2026-01-02T09:51:31,98.9341,703.80
2026-01-02T09:51:32,98.9592,795.57
2026-01-02T09:51:33,98.9536,795.53
2026-01-02T09:51:34,98.9252,643.15
2026-01-02T09:51:35,98.9145,550.62
2026-01-02T09:51:36,98.9415,950.94
2026-01-02T09:51:37,98.9070,471.06
2026-01-02T09:51:38,98.9249,842.92
2026-01-02T09:51:39,98.9260,559.80
2026-01-02T09:51:40,98.8398,1108.08
2026-01-02T09:51:41,98.8302,890.79
2026-01-02T09:51:42,98.8272,874.44
2026-01-02T09:51:43,98.7698,719.77
2026-01-02T09:51:44,98.7089,604.31
2026-01-02T09:51:45,98.6772,474.82
2026-01-02T09:51:46,98.6566,672.04
2026-01-02T09:51:47,98.6033,776.09
2026-01-02T09:51:48,98.6029,649.34
2026-01-02T09:51:49,98.6936,929.28
2026-01-02T09:51:50,98.7442,740.89
2026-01-02T09:51:51,98.7846,937.80
2026-01-02T09:51:52,98.7389,677.20
2026-01-02T09:51:53,98.8702,725.98
2026-01-02T09:51:54,98.8923,761.37
2026-01-02T09:51:55,98.9298,620.97
2026-01-02T09:51:56,98.8847,1004.18
2026-01-02T09:51:57,98.8938,354.03
2026-01-02T09:51:58,98.8949,767.25
2026-01-02T09:51:59,98.9271,857.79
2026-01-02T09:52:00,98.9426,815.74
2026-01-02T09:52:01,98.9558,592.53
2026-01-02T09:52:02,98.9192,646.58
2026-01-02T09:52:03,98.8590,941.89
2026-01-02T09:52:04,98.9076,910.52
2026-01-02T09:52:05,98.8807,703.32
2026-01-02T09:52:06,98.8610,1000.32
2026-01-02T09:52:07,98.8849,1113.00
2026-01-02T09:52:08,98.8413,759.39
2026-01-02T09:52:09,98.7847,544.90
2026-01-02T09:52:10,98.7779,739.57
2026-01-02T09:52:11,98.7549,523.75
2026-01-02T09:52:12,98.7639,748.90
2026-01-02T09:52:13,98.8052,899.09
2026-01-02T09:52:14,98.7463,871.22
2026-01-02T09:52:15,98.7194,1075.85
2026-01-02T09:52:16,98.7182,709.37
2026-01-02T09:52:17,98.7000,529.84
2026-01-02T09:52:18,98.7575,1181.48
2026-01-02T09:52:19,98.6798,754.68
2026-01-02T09:52:20,98.6749,693.03
2026-01-02T09:52:21,98.7298,1024.54
2026-01-02T09:52:22,98.7189,1172.83
2026-01-02T09:52:23,98.7204,756.46
2026-01-02T09:52:24,98.7331,665.71
2026-01-02T09:52:25,98.7986,910.99
2026-01-02T09:52:26,98.7828,766.61
2026-01-02T09:52:27,98.7420,847.25
2026-01-02T09:52:28,98.6839,800.57
2026-01-02T09:52:29,98.6607,902.07
2026-01-02T09:52:30,98.7077,941.65
2026-01-02T09:52:31,98.7023,672.27
2026-01-02T09:52:32,98.6889,797.01
2026-01-02T09:52:33,98.7110,697.73
2026-01-02T09:52:34,98.6675,831.22
2026-01-02T09:52:35,98.7288,1137.02
2026-01-02T09:52:36,98.7646,621.75
2026-01-02T09:52:37,98.8280,647.78
2026-01-02T09:52:38,98.7935,876.97
2026-01-02T09:52:39,98.7314,944.30
2026-01-02T09:52:40,98.7291,871.84
2026-01-02T09:52:41,98.6921,952.36
2026-01-02T09:52:42,98.7153,734.60
2026-01-02T09:52:43,98.7579,321.15
2026-01-02T09:52:44,98.7743,780.64
2026-01-02T09:52:45,98.7386,831.90
2026-01-02T09:52:46,98.7612,667.35
2026-01-02T09:52:47,98.7559,792.54
2026-01-02T09:52:48,98.7736,1020.82
2026-01-02T09:52:49,98.7528,1037.05
2026-01-02T09:52:50,98.6942,854.14
2026-01-02T09:52:51,98.6169,812.92
2026-01-02T09:52:52,98.6494,1164.13
2026-01-02T09:52:53,98.6517,665.30
2026-01-02T09:52:54,98.6980,807.41
2026-01-02T09:52:55,98.7025,965.06
2026-01-02T09:52:56,98.7517,488.22
2026-01-02T09:52:57,98.7541,797.05
2026-01-02T09:52:58,98.7060,507.70
2026-01-02T09:52:59,98.7031,716.53
2026-01-02T09:53:00,98.6705,775.27
2026-01-02T09:53:01,98.6548,803.17
2026-01-02T09:53:02,98.7258,794.58
2026-01-02T09:53:03,98.8104,1023.94
2026-01-02T09:53:04,98.8540,668.87
2026-01-02T09:53:05,98.8409,634.45
2026-01-02T09:53:06,98.8596,787.93
2026-01-02T09:53:07,98.8795,854.45
2026-01-02T09:53:08,98.8871,735.76
2026-01-02T09:53:09,98.8434,720.50
2026-01-02T09:53:10,98.8757,770.50
2026-01-02T09:53:11,98.8730,956.21
2026-01-02T09:53:12,98.8950,534.53
2026-01-02T09:53:13,98.8914,643.17
2026-01-02T09:53:14,98.8890,870.25
2026-01-02T09:53:15,98.9120,1099.48
2026-01-02T09:53:16,98.8895,746.91
2026-01-02T09:53:17,98.9153,973.16
2026-01-02T09:53:18,98.8689,923.61
2026-01-02T09:53:19,98.8989,772.94
2026-01-02T09:53:20,98.8863,931.88
2026-01-02T09:53:21,98.9052,872.13
2026-01-02T09:53:22,98.8720,489.99
2026-01-02T09:53:23,98.8676,751.20
2026-01-02T09:53:24,98.8879,662.39
2026-01-02T09:53:25,98.9162,873.73
2026-01-02T09:53:26,98.8826,970.11
2026-01-02T09:53:27,98.8669,674.64
2026-01-02T09:53:28,98.8779,797.35
2026-01-02T09:53:29,98.8369,911.63
2026-01-02T09:53:30,98.8363,663.52
2026-01-02T09:53:31,98.7571,876.76
2026-01-02T09:53:32,98.7612,821.49
2026-01-02T09:53:33,98.8229,351.69
2026-01-02T09:53:34,98.8797,1045.48
2026-01-02T09:53:35,98.8354,982.64
2026-01-02T09:53:36,98.7985,612.35
2026-01-02T09:53:37,98.7937,1128.98
2026-01-02T09:53:38,98.8097,808.97
2026-01-02T09:53:39,98.8492,687.95
2026-01-02T09:53:40,98.9163,1082.71
2026-01-02T09:53:41,98.9354,658.11
2026-01-02T09:53:42,98.9833,853.04
2026-01-02T09:53:43,99.0120,1004.58
2026-01-02T09:53:44,99.0313,637.54
2026-01-02T09:53:45,99.0981,850.27
2026-01-02T09:53:46,99.1124,910.72
2026-01-02T09:53:47,99.1261,934.63
2026-01-02T09:53:48,99.1347,768.03
2026-01-02T09:53:49,99.1096,707.96
2026-01-02T09:53:50,99.0963,978.10
2026-01-02T09:53:51,99.0809,780.01
2026-01-02T09:53:52,99.0760,896.10
2026-01-02T09:53:53,99.1049,1155.40
2026-01-02T09:53:54,99.0419,758.97
2026-01-02T09:53:55,99.0674,496.68
2026-01-02T09:53:56,99.1454,779.10
2026-01-02T09:53:57,99.1094,974.74
2026-01-02T09:53:58,99.0101,838.20
2026-01-02T09:53:59,98.9652,797.32
2026-01-02T09:54:00,98.9817,942.66
2026-01-02T09:54:01,98.9999,1175.55
2026-01-02T09:54:02,99.0024,738.45
2026-01-02T09:54:03,99.0572,788.25
2026-01-02T09:54:04,99.0757,91.29
2026-01-02T09:54:05,99.0958,786.54
2026-01-02T09:54:06,99.0759,681.86
2026-01-02T09:54:07,99.1162,432.50
2026-01-02T09:54:08,99.2575,1007.74
2026-01-02T09:54:09,99.2739,1142.07
2026-01-02T09:54:10,99.2859,638.91
2026-01-02T09:54:11,99.3318,505.51
2026-01-02T09:54:12,99.3584,1015.66
2026-01-02T09:54:13,99.3821,538.78
2026-01-02T09:54:14,99.3910,777.84
2026-01-02T09:54:15,99.3573,383.84
2026-01-02T09:54:16,99.3036,709.87
2026-01-02T09:54:17,99.3539,1295.57
2026-01-02T09:54:18,99.3921,658.11
2026-01-02T09:54:19,99.3728,994.79
2026-01-02T09:54:20,99.4001,870.37
2026-01-02T09:54:21,99.4104,1015.87
2026-01-02T09:54:22,99.5107,801.73
2026-01-02T09:54:23,99.5175,890.80
2026-01-02T09:54:24,99.4963,405.33
2026-01-02T09:54:25,99.5182,667.96
2026-01-02T09:54:26,99.5771,832.84
2026-01-02T09:54:27,99.6441,645.64
2026-01-02T09:54:28,99.6946,506.31
2026-01-02T09:54:29,99.7364,757.30
2026-01-02T09:54:30,99.7783,735.54
2026-01-02T09:54:31,99.8086,890.47
2026-01-02T09:54:32,99.8255,879.68
2026-01-02T09:54:33,99.9007,698.97
2026-01-02T09:54:34,99.9635,736.26
2026-01-02T09:54:35,100.0174,1221.15
2026-01-02T09:54:36,99.9811,411.91
2026-01-02T09:54:37,99.9881,675.50
2026-01-02T09:54:38,99.9641,740.73
2026-01-02T09:54:39,99.9397,1057.58
2026-01-02T09:54:40,99.9899,1008.64
2026-01-02T09:54:41,100.0936,661.26
2026-01-02T09:54:42,99.9808,1164.24
2026-01-02T09:54:43,99.9917,789.98
2026-01-02T09:54:44,99.9102,556.69
2026-01-02T09:54:45,99.9410,774.23
2026-01-02T09:54:46,99.8437,630.71
2026-01-02T09:54:47,99.8905,1030.16
2026-01-02T09:54:48,99.8998,1310.12
2026-01-02T09:54:49,99.9456,1125.85
2026-01-02T09:54:50,100.0052,949.62
2026-01-02T09:54:51,99.9445,511.94
2026-01-02T09:54:52,99.9108,846.50
2026-01-02T09:54:53,99.9104,867.45
2026-01-02T09:54:54,99.9091,886.00
2026-01-02T09:54:55,99.9532,801.43
2026-01-02T09:54:56,99.9398,328.17
2026-01-02T09:54:57,99.9787,660.80
2026-01-02T09:54:58,99.9373,956.18
2026-01-02T09:54:59,99.9783,922.39
2026-01-02T09:55:00,100.0208,603.07
2026-01-02T09:55:01,100.0100,701.00
2026-01-02T09:55:02,100.0875,955.48
2026-01-02T09:55:03,100.0761,951.46
2026-01-02T09:55:04,100.0925,778.86
2026-01-02T09:55:05,100.1132,953.11
2026-01-02T09:55:06,100.1063,574.91
2026-01-02T09:55:07,100.1219,752.47
2026-01-02T09:55:08,100.0699,661.72
2026-01-02T09:55:09,100.0583,804.89
2026-01-02T09:55:10,100.0832,761.75
2026-01-02T09:55:11,100.1030,732.79
2026-01-02T09:55:12,100.1271,872.55
2026-01-02T09:55:13,100.1523,1058.69
2026-01-02T09:55:14,100.1392,513.21
2026-01-02T09:55:15,100.1353,945.70
2026-01-02T09:55:16,100.1360,857.26
2026-01-02T09:55:17,100.0581,649.85
2026-01-02T09:55:18,100.0819,940.00
2026-01-02T09:55:19,100.0477,866.06
2026-01-02T09:55:20,100.0153,592.56
2026-01-02T09:55:21,100.0181,839.07
2026-01-02T09:55:22,100.0355,931.41
2026-01-02T09:55:23,100.1105,970.77
2026-01-02T09:55:24,100.0939,969.14
2026-01-02T09:55:25,100.0274,818.12
2026-01-02T09:55:26,100.0744,922.25
2026-01-02T09:55:27,100.1112,1143.81
2026-01-02T09:55:28,100.0775,943.06
2026-01-02T09:55:29,100.0729,1000.64
2026-01-02T09:55:30,100.0777,940.77
2026-01-02T09:55:31,100.1469,913.56
2026-01-02T09:55:32,100.1370,733.82
2026-01-02T09:55:33,100.1054,986.86
2026-01-02T09:55:34,100.1640,756.02
2026-01-02T09:55:35,100.0822,685.97
2026-01-02T09:55:36,100.1013,629.58
2026-01-02T09:55:37,100.0127,720.00
2026-01-02T09:55:38,99.9205,858.58
2026-01-02T09:55:39,99.9020,810.85
2026-01-02T09:55:40,99.9599,636.57
2026-01-02T09:55:41,99.8628,794.89
2026-01-02T09:55:42,99.8835,542.68
2026-01-02T09:55:43,99.8665,737.50
2026-01-02T09:55:44,99.8673,689.21
2026-01-02T09:55:45,99.9867,752.76
2026-01-02T09:55:46,99.9947,712.74
2026-01-02T09:55:47,99.8753,1048.56
2026-01-02T09:55:48,99.7329,1044.23
2026-01-02T09:55:49,99.6730,555.39
2026-01-02T09:55:50,99.6676,1195.26
2026-01-02T09:55:51,99.6816,765.57
2026-01-02T09:55:52,99.6466,917.13
2026-01-02T09:55:53,99.6295,928.48
2026-01-02T09:55:54,99.5407,895.12
2026-01-02T09:55:55,99.5546,555.16
2026-01-02T09:55:56,99.5077,773.47
2026-01-02T09:55:57,99.4854,852.20
2026-01-02T09:55:58,99.4204,640.78
2026-01-02T09:55:59,99.5151,648.37
2026-01-02T09:56:00,99.4955,768.13
2026-01-02T09:56:01,99.4825,1017.24
2026-01-02T09:56:02,99.4564,953.89
2026-01-02T09:56:03,99.4174,939.15
2026-01-02T09:56:04,99.4074,768.54
2026-01-02T09:56:05,99.4030,899.04
2026-01-02T09:56:06,99.3488,625.32
2026-01-02T09:56:07,99.4401,891.17
2026-01-02T09:56:08,99.4234,915.58
2026-01-02T09:56:09,99.4203,394.75
2026-01-02T09:56:10,99.4271,778.06
2026-01-02T09:56:11,99.4424,660.55
2026-01-02T09:56:12,99.4320,1005.58
2026-01-02T09:56:13,99.4248,722.79
2026-01-02T09:56:14,99.4408,729.05
2026-01-02T09:56:15,99.4884,768.59
2026-01-02T09:56:16,99.5044,673.26
2026-01-02T09:56:17,99.4478,929.48
2026-01-02T09:56:18,99.4592,914.74
2026-01-02T09:56:19,99.4919,535.53
2026-01-02T09:56:20,99.4968,438.95
2026-01-02T09:56:21,99.5198,604.59
2026-01-02T09:56:22,99.5404,930.67
2026-01-02T09:56:23,99.5157,795.85
2026-01-02T09:56:24,99.5703,502.30
2026-01-02T09:56:25,99.5988,821.31
2026-01-02T09:56:26,99.6411,502.66
2026-01-02T09:56:27,99.6408,998.76
2026-01-02T09:56:28,99.7016,661.53
2026-01-02T09:56:29,99.6886,1131.45
2026-01-02T09:56:30,99.6242,791.77
2026-01-02T09:56:31,99.6318,831.49
2026-01-02T09:56:32,99.5893,973.60
2026-01-02T09:56:33,99.6289,1126.90
2026-01-02T09:56:34,99.5928,713.30
2026-01-02T09:56:35,99.6417,1126.76
2026-01-02T09:56:36,99.6409,524.96
2026-01-02T09:56:37,99.6307,973.65
2026-01-02T09:56:38,99.6608,1000.33
2026-01-02T09:56:39,99.7471,722.36
2026-01-02T09:56:40,99.7059,583.51
2026-01-02T09:56:41,99.7000,983.43
2026-01-02T09:56:42,99.7773,839.38
2026-01-02T09:56:43,99.7776,776.08
2026-01-02T09:56:44,99.8324,662.84
2026-01-02T09:56:45,99.8272,786.07
2026-01-02T09:56:46,99.8256,1125.48
2026-01-02T09:56:47,99.7851,1241.95
2026-01-02T09:56:48,99.7552,652.31
2026-01-02T09:56:49,99.7250,916.77
2026-01-02T09:56:50,99.7240,1001.82
2026-01-02T09:56:51,99.6865,498.82
2026-01-02T09:56:52,99.6694,850.36
2026-01-02T09:56:53,99.6029,780.83
2026-01-02T09:56:54,99.6266,654.80
2026-01-02T09:56:55,99.5891,602.87
2026-01-02T09:56:56,99.5823,882.14
2026-01-02T09:56:57,99.7055,1009.74
2026-01-02T09:56:58,99.6483,523.38
2026-01-02T09:56:59,99.6430,1082.96
2026-01-02T09:57:00,99.6721,705.08
2026-01-02T09:57:01,99.7168,1047.92
2026-01-02T09:57:02,99.7822,608.05
2026-01-02T09:57:03,99.8015,569.39
2026-01-02T09:57:04,99.7649,569.85
2026-01-02T09:57:05,99.7527,541.52
2026-01-02T09:57:06,99.7872,797.78
2026-01-02T09:57:07,99.7479,887.38
2026-01-02T09:57:08,99.8164,862.17
2026-01-02T09:57:09,99.7898,748.91
2026-01-02T09:57:10,99.7847,673.72
2026-01-02T09:57:11,99.7073,731.87
2026-01-02T09:57:12,99.7628,651.10
2026-01-02T09:57:13,99.6756,784.02
2026-01-02T09:57:14,99.7248,489.96
2026-01-02T09:57:15,99.7330,874.06
2026-01-02T09:57:16,99.7568,900.28
2026-01-02T09:57:17,99.7838,514.89
2026-01-02T09:57:18,99.8111,1047.95
2026-01-02T09:57:19,99.8008,866.86
2026-01-02T09:57:20,99.7548,1034.54
2026-01-02T09:57:21,99.7266,1096.91
2026-01-02T09:57:22,99.7091,922.00
2026-01-02T09:57:23,99.6848,1138.00
2026-01-02T09:57:24,99.5957,866.48
2026-01-02T09:57:25,99.5017,583.14
2026-01-02T09:57:26,99.5865,963.44
2026-01-02T09:57:27,99.4957,798.91
2026-01-02T09:57:28,99.4674,902.56
2026-01-02T09:57:29,99.5503,917.70
2026-01-02T09:57:30,99.5695,891.45
2026-01-02T09:57:31,99.5200,926.20
2026-01-02T09:57:32,99.5611,689.78
2026-01-02T09:57:33,99.5319,1061.00
2026-01-02T09:57:34,99.5409,595.28
2026-01-02T09:57:35,99.5215,717.65
2026-01-02T09:57:36,99.5182,786.91
2026-01-02T09:57:37,99.5067,1101.31
2026-01-02T09:57:38,99.5438,1066.94
2026-01-02T09:57:39,99.4672,820.01
2026-01-02T09:57:40,99.5197,930.57
2026-01-02T09:57:41,99.4888,663.93
2026-01-02T09:57:42,99.5317,761.75
2026-01-02T09:57:43,99.5605,828.19
2026-01-02T09:57:44,99.5549,821.69
2026-01-02T09:57:45,99.5172,1106.21
2026-01-02T09:57:46,99.5416,1051.88
2026-01-02T09:57:47,99.5174,702.70
2026-01-02T09:57:48,99.5027,644.91
2026-01-02T09:57:49,99.5329,928.25
2026-01-02T09:57:50,99.5095,742.46
2026-01-02T09:57:51,99.5261,664.53
2026-01-02T09:57:52,99.5074,1080.89
2026-01-02T09:57:53,99.4735,706.97
2026-01-02T09:57:54,99.5859,417.25
2026-01-02T09:57:55,99.5323,1123.51
2026-01-02T09:57:56,99.5135,889.97
2026-01-02T09:57:57,99.6086,670.93
2026-01-02T09:57:58,99.5817,873.94
2026-01-02T09:57:59,99.5779,705.51
2026-01-02T09:58:00,99.5716,560.94
2026-01-02T09:58:01,99.5923,950.21
2026-01-02T09:58:02,99.5847,759.71
2026-01-02T09:58:03,99.6091,703.12
2026-01-02T09:58:04,99.5949,787.70
2026-01-02T09:58:05,99.6609,791.14
2026-01-02T09:58:06,99.6555,770.45
2026-01-02T09:58:07,99.6379,626.31
2026-01-02T09:58:08,99.5962,954.86
2026-01-02T09:58:09,99.5703,816.62
2026-01-02T09:58:10,99.5486,560.98
2026-01-02T09:58:11,99.5274,1051.45
2026-01-02T09:58:12,99.5085,678.25
2026-01-02T09:58:13,99.4889,739.77
2026-01-02T09:58:14,99.4989,725.90
2026-01-02T09:58:15,99.4943,711.63
2026-01-02T09:58:16,99.5101,856.03
2026-01-02T09:58:17,99.5193,913.96
2026-01-02T09:58:18,99.5146,1018.33
2026-01-02T09:58:19,99.5353,1067.81
2026-01-02T09:58:20,99.5314,848.98
2026-01-02T09:58:21,99.5004,802.81
2026-01-02T09:58:22,99.5370,734.21
2026-01-02T09:58:23,99.6039,804.62
2026-01-02T09:58:24,99.6748,611.22
2026-01-02T09:58:25,99.6621,710.66
2026-01-02T09:58:26,99.7073,915.58
2026-01-02T09:58:27,99.7036,717.96
2026-01-02T09:58:28,99.7022,930.43
2026-01-02T09:58:29,99.7395,789.27
2026-01-02T09:58:30,99.7191,818.37
2026-01-02T09:58:31,99.7247,845.46
2026-01-02T09:58:32,99.7040,1113.28
2026-01-02T09:58:33,99.6755,1072.24
2026-01-02T09:58:34,99.7379,970.48
2026-01-02T09:58:35,99.8220,900.05
2026-01-02T09:58:36,99.8075,705.85
2026-01-02T09:58:37,99.7771,950.72
2026-01-02T09:58:38,99.7102,543.98
2026-01-02T09:58:39,99.7789,982.32
2026-01-02T09:58:40,99.7973,966.20
2026-01-02T09:58:41,99.8319,766.36
2026-01-02T09:58:42,99.7656,1030.96
2026-01-02T09:58:43,99.7855,552.28
2026-01-02T09:58:44,99.7916,715.63
2026-01-02T09:58:45,99.7862,740.97
2026-01-02T09:58:46,99.8108,762.49
2026-01-02T09:58:47,99.7586,921.14
2026-01-02T09:58:48,99.7802,543.36
2026-01-02T09:58:49,99.7984,959.77
2026-01-02T09:58:50,99.7913,833.78
2026-01-02T09:58:51,99.7567,484.99
2026-01-02T09:58:52,99.7799,784.18
2026-01-02T09:58:53,99.7990,757.74
2026-01-02T09:58:54,99.7871,829.21
2026-01-02T09:58:55,99.7840,955.93
2026-01-02T09:58:56,99.7648,540.01
2026-01-02T09:58:57,99.7710,565.42
2026-01-02T09:58:58,99.6568,602.58
2026-01-02T09:58:59,99.6368,656.73
2026-01-02T09:59:00,99.5675,759.56
2026-01-02T09:59:01,99.6220,949.30
2026-01-02T09:59:02,99.6222,965.80
2026-01-02T09:59:03,99.6021,641.24
2026-01-02T09:59:04,99.6325,604.96
2026-01-02T09:59:05,99.6473,795.38
2026-01-02T09:59:06,99.6308,717.55
2026-01-02T09:59:07,99.6818,513.91
2026-01-02T09:59:08,99.6937,748.06
2026-01-02T09:59:09,99.6601,807.01
2026-01-02T09:59:10,99.6744,789.21
2026-01-02T09:59:11,99.6855,1054.67
2026-01-02T09:59:12,99.6585,875.23
2026-01-02T09:59:13,99.5804,882.25
2026-01-02T09:59:14,99.4965,913.65
2026-01-02T09:59:15,99.4752,829.54
2026-01-02T09:59:16,99.4098,804.32
2026-01-02T09:59:17,99.4470,911.57
2026-01-02T09:59:18,99.4463,798.83
2026-01-02T09:59:19,99.4979,932.48
2026-01-02T09:59:20,99.4699,695.63
2026-01-02T09:59:21,99.4394,793.58
2026-01-02T09:59:22,99.3873,411.49
2026-01-02T09:59:23,99.3775,845.52
2026-01-02T09:59:24,99.3860,995.30
2026-01-02T09:59:25,99.3280,707.63
2026-01-02T09:59:26,99.2632,844.25
2026-01-02T09:59:27,99.2586,713.45
2026-01-02T09:59:28,99.2605,672.76
2026-01-02T09:59:29,99.2147,1084.49
2026-01-02T09:59:30,99.2512,766.85
2026-01-02T09:59:31,99.1820,761.43
2026-01-02T09:59:32,99.2079,830.58
2026-01-02T09:59:33,99.2535,1020.84
2026-01-02T09:59:34,99.2498,715.74
2026-01-02T09:59:35,99.2276,725.57
2026-01-02T09:59:36,99.2685,723.65
2026-01-02T09:59:37,99.1929,883.69
2026-01-02T09:59:38,99.1886,715.91
2026-01-02T09:59:39,99.1004,1010.61
2026-01-02T09:59:40,99.1318,595.36
2026-01-02T09:59:41,99.1388,604.93
2026-01-02T09:59:42,99.0777,422.23
2026-01-02T09:59:43,99.1129,958.38
2026-01-02T09:59:44,99.0990,789.23
2026-01-02T09:59:45,99.1781,664.03
2026-01-02T09:59:46,99.1250,822.96
2026-01-02T09:59:47,99.1498,746.56
2026-01-02T09:59:48,99.0858,661.90
2026-01-02T09:59:49,99.1167,928.66
2026-01-02T09:59:50,99.0417,579.93
2026-01-02T09:59:51,98.9975,795.42
2026-01-02T09:59:52,99.0969,748.55
2026-01-02T09:59:53,99.0998,656.51
2026-01-02T09:59:54,99.2163,691.65
2026-01-02T09:59:55,99.1934,828.12
2026-01-02T09:59:56,99.1339,945.58
2026-01-02T09:59:57,99.1337,648.31
2026-01-02T09:59:58,99.1070,459.07
2026-01-02T09:59:59,99.0822,390.57
2026-01-02T10:00:00,99.0620,710.80
2026-01-02T10:00:01,99.0357,695.09
2026-01-02T10:00:02,98.9979,1022.13
2026-01-02T10:00:03,99.0628,769.48
2026-01-02T10:00:04,99.1144,744.83
2026-01-02T10:00:05,99.1009,650.82
2026-01-02T10:00:06,99.1325,911.25
2026-01-02T10:00:07,99.0745,828.80
2026-01-02T10:00:08,99.0514,637.65
2026-01-02T10:00:09,99.0504,454.61
2026-01-02T10:00:10,99.0310,1140.11
2026-01-02T10:00:11,99.0508,595.60
2026-01-02T10:00:12,99.0758,815.95
2026-01-02T10:00:13,99.0615,694.56
2026-01-02T10:00:14,99.0617,693.37
2026-01-02T10:00:15,99.0541,933.11
2026-01-02T10:00:16,99.0909,566.64
2026-01-02T10:00:17,99.0700,1089.24
2026-01-02T10:00:18,99.1510,866.56
2026-01-02T10:00:19,99.2235,1017.47
2026-01-02T10:00:20,99.2178,440.67
2026-01-02T10:00:21,99.2151,569.21
2026-01-02T10:00:22,99.2214,1114.32
2026-01-02T10:00:23,99.2328,658.67
2026-01-02T10:00:24,99.1803,446.67
2026-01-02T10:00:25,99.0947,1092.82
2026-01-02T10:00:26,99.1333,776.41
2026-01-02T10:00:27,99.1266,790.65
2026-01-02T10:00:28,99.1262,1050.58
2026-01-02T10:00:29,99.1439,443.16
2026-01-02T10:00:30,99.1918,452.63
2026-01-02T10:00:31,99.1737,550.51
2026-01-02T10:00:32,99.1756,573.71
2026-01-02T10:00:33,99.1138,611.62
2026-01-02T10:00:34,99.1506,766.57
2026-01-02T10:00:35,99.1807,1044.85
2026-01-02T10:00:36,99.1916,902.62
2026-01-02T10:00:37,99.1481,784.78
2026-01-02T10:00:38,99.0966,899.69
2026-01-02T10:00:39,99.1375,973.85
2026-01-02T10:00:40,99.1364,961.18
2026-01-02T10:00:41,99.1300,698.93
2026-01-02T10:00:42,99.1528,930.67
2026-01-02T10:00:43,99.2521,931.24
2026-01-02T10:00:44,99.2027,623.94
2026-01-02T10:00:45,99.1443,813.93
2026-01-02T10:00:46,99.0949,1045.22
2026-01-02T10:00:47,99.0819,915.52
2026-01-02T10:00:48,99.0889,861.89
2026-01-02T10:00:49,99.0424,793.97
2026-01-02T10:00:50,99.0233,781.77
2026-01-02T10:00:51,99.0291,922.67
2026-01-02T10:00:52,99.0083,948.25
2026-01-02T10:00:53,99.0233,1094.98
2026-01-02T10:00:54,98.8743,684.32
2026-01-02T10:00:55,98.9311,346.18
2026-01-02T10:00:56,98.9981,814.80
2026-01-02T10:00:57,98.9063,930.61
2026-01-02T10:00:58,98.8591,635.69
2026-01-02T10:00:59,98.9252,730.36
2026-01-02T10:01:00,98.8821,1161.43
2026-01-02T10:01:01,98.9241,739.78
2026-01-02T10:01:02,98.8887,763.29
2026-01-02T10:01:03,98.9598,623.15
2026-01-02T10:01:04,98.9027,1029.42
2026-01-02T10:01:05,98.8901,818.08
2026-01-02T10:01:06,98.9139,729.79
2026-01-02T10:01:07,98.8049,761.81
2026-01-02T10:01:08,98.8609,1191.04
2026-01-02T10:01:09,98.8557,794.84
2026-01-02T10:01:10,98.9173,907.23
2026-01-02T10:01:11,98.9308,443.76
2026-01-02T10:01:12,98.9122,838.66
2026-01-02T10:01:13,98.8442,734.11
2026-01-02T10:01:14,98.9212,753.71
2026-01-02T10:01:15,98.8568,460.32
2026-01-02T10:01:16,98.8564,696.01
2026-01-02T10:01:17,98.8175,840.95
2026-01-02T10:01:18,98.8304,831.42
2026-01-02T10:01:19,98.8463,578.78
2026-01-02T10:01:20,98.8176,741.29
2026-01-02T10:01:21,98.8154,978.12
2026-01-02T10:01:22,98.7827,660.04
2026-01-02T10:01:23,98.8498,828.52
2026-01-02T10:01:24,98.7870,744.03
2026-01-02T10:01:25,98.7315,595.35
2026-01-02T10:01:26,98.6716,656.72
2026-01-02T10:01:27,98.7644,981.89
2026-01-02T10:01:28,98.8267,995.77
2026-01-02T10:01:29,98.8208,872.62
2026-01-02T10:01:30,98.8255,607.75
2026-01-02T10:01:31,98.7733,962.06
2026-01-02T10:01:32,98.7186,836.17
2026-01-02T10:01:33,98.7481,935.49
2026-01-02T10:01:34,98.7648,583.87
2026-01-02T10:01:35,98.7893,775.11
2026-01-02T10:01:36,98.7454,442.02
2026-01-02T10:01:37,98.7658,520.56
2026-01-02T10:01:38,98.6891,1114.62
2026-01-02T10:01:39,98.6352,724.40
2026-01-02T10:01:40,98.6385,812.64
2026-01-02T10:01:41,98.5928,672.50
2026-01-02T10:01:42,98.6291,749.82
2026-01-02T10:01:43,98.6282,410.73
2026-01-02T10:01:44,98.6025,954.33
2026-01-02T10:01:45,98.5698,628.72
2026-01-02T10:01:46,98.5868,907.76
2026-01-02T10:01:47,98.6019,698.05
2026-01-02T10:01:48,98.6357,1093.21
2026-01-02T10:01:49,98.6885,518.60
2026-01-02T10:01:50,98.8204,561.39
2026-01-02T10:01:51,98.7654,854.79
2026-01-02T10:01:52,98.7612,865.04
2026-01-02T10:01:53,98.8203,967.49
2026-01-02T10:01:54,98.7802,812.97
2026-01-02T10:01:55,98.8258,989.52
2026-01-02T10:01:56,98.8765,947.14
2026-01-02T10:01:57,98.9085,707.57
2026-01-02T10:01:58,98.8493,876.03
2026-01-02T10:01:59,98.8289,1024.01
2026-01-02T10:02:00,98.7897,731.39
2026-01-02T10:02:01,98.7706,974.06
2026-01-02T10:02:02,98.8045,804.11
2026-01-02T10:02:03,98.8177,1090.66
2026-01-02T10:02:04,98.7385,934.65
2026-01-02T10:02:05,98.7872,1018.57
2026-01-02T10:02:06,98.8233,660.70
2026-01-02T10:02:07,98.7992,919.19
2026-01-02T10:02:08,98.7727,764.30
2026-01-02T10:02:09,98.7051,585.36
2026-01-02T10:02:10,98.7208,723.32
2026-01-02T10:02:11,98.6867,766.19
2026-01-02T10:02:12,98.7003,752.98
2026-01-02T10:02:13,98.7082,815.93
2026-01-02T10:02:14,98.6969,797.96
2026-01-02T10:02:15,98.6571,709.71
2026-01-02T10:02:16,98.5745,590.04
2026-01-02T10:02:17,98.5211,728.20
2026-01-02T10:02:18,98.5720,798.37
2026-01-02T10:02:19,98.5789,630.36
2026-01-02T10:02:20,98.5919,1105.24
2026-01-02T10:02:21,98.5880,651.55
2026-01-02T10:02:22,98.5356,847.32
2026-01-02T10:02:23,98.4933,928.41
2026-01-02T10:02:24,98.4478,501.90
2026-01-02T10:02:25,98.4695,567.13
2026-01-02T10:02:26,98.4968,986.74
2026-01-02T10:02:27,98.4702,837.49
2026-01-02T10:02:28,98.5329,716.33
2026-01-02T10:02:29,98.6048,740.86
2026-01-02T10:02:30,98.5627,817.56
2026-01-02T10:02:31,98.5729,1004.19
2026-01-02T10:02:32,98.6128,866.51
2026-01-02T10:02:33,98.6424,832.56
2026-01-02T10:02:34,98.6781,706.63
2026-01-02T10:02:35,98.6294,837.54
2026-01-02T10:02:36,98.7505,945.38
2026-01-02T10:02:37,98.7190,1050.90
2026-01-02T10:02:38,98.6352,754.66
2026-01-02T10:02:39,98.6531,678.82
2026-01-02T10:02:40,98.6264,769.40
2026-01-02T10:02:41,98.6020,658.85
2026-01-02T10:02:42,98.5532,519.19
2026-01-02T10:02:43,98.5098,781.72
2026-01-02T10:02:44,98.5551,680.59
2026-01-02T10:02:45,98.5006,1088.98
2026-01-02T10:02:46,98.4492,817.03
2026-01-02T10:02:47,98.4070,670.59
2026-01-02T10:02:48,98.4244,883.01
2026-01-02T10:02:49,98.4817,920.38
2026-01-02T10:02:50,98.4886,912.42
2026-01-02T10:02:51,98.4423,1017.89
2026-01-02T10:02:52,98.4662,888.16
2026-01-02T10:02:53,98.4932,533.65
2026-01-02T10:02:54,98.4422,823.81
2026-01-02T10:02:55,98.4487,903.51
2026-01-02T10:02:56,98.4535,766.79
2026-01-02T10:02:57,98.5101,862.92
2026-01-02T10:02:58,98.5437,1015.14
2026-01-02T10:02:59,98.6006,857.18
2026-01-02T10:03:00,98.6332,847.88
2026-01-02T10:03:01,98.6815,1210.51
2026-01-02T10:03:02,98.6345,664.51
2026-01-02T10:03:03,98.7057,833.50
2026-01-02T10:03:04,98.6864,675.06
2026-01-02T10:03:05,98.7286,900.87
2026-01-02T10:03:06,98.8189,783.58
2026-01-02T10:03:07,98.8595,1097.70
2026-01-02T10:03:08,98.7949,610.39
2026-01-02T10:03:09,98.8071,696.94
2026-01-02T10:03:10,98.7881,681.03
2026-01-02T10:03:11,98.7814,637.28
2026-01-02T10:03:12,98.7238,869.33
2026-01-02T10:03:13,98.7294,976.20
2026-01-02T10:03:14,98.7529,876.31
2026-01-02T10:03:15,98.7867,635.33
2026-01-02T10:03:16,98.7643,849.48
2026-01-02T10:03:17,98.8063,916.38
2026-01-02T10:03:18,98.7968,766.47
2026-01-02T10:03:19,98.8080,591.85
2026-01-02T10:03:20,98.8461,939.01
2026-01-02T10:03:21,98.8879,978.82
2026-01-02T10:03:22,98.9328,460.87
2026-01-02T10:03:23,98.9429,542.62
2026-01-02T10:03:24,98.8999,776.09
2026-01-02T10:03:25,98.9531,859.61
2026-01-02T10:03:26,98.9635,1121.41
2026-01-02T10:03:27,98.9743,629.05
2026-01-02T10:03:28,98.9115,642.87
2026-01-02T10:03:29,98.9165,522.68
2026-01-02T10:03:30,98.9362,855.60
2026-01-02T10:03:31,98.9037,818.74
2026-01-02T10:03:32,98.9269,686.25
2026-01-02T10:03:33,98.9599,670.99
2026-01-02T10:03:34,98.9862,1062.37
2026-01-02T10:03:35,99.0007,570.78
2026-01-02T10:03:36,99.0046,814.59
2026-01-02T10:03:37,98.9658,573.29
2026-01-02T10:03:38,98.9486,956.30
2026-01-02T10:03:39,98.9853,1015.98
2026-01-02T10:03:40,98.9832,1153.63
2026-01-02T10:03:41,98.9451,879.35
2026-01-02T10:03:42,98.9341,1068.45
2026-01-02T10:03:43,98.9355,614.22
2026-01-02T10:03:44,98.9463,598.04
2026-01-02T10:03:45,98.9070,966.75
2026-01-02T10:03:46,98.9060,954.01
2026-01-02T10:03:47,98.8666,1033.42
2026-01-02T10:03:48,98.8586,447.67
2026-01-02T10:03:49,98.8183,548.46
2026-01-02T10:03:50,98.7523,891.89
2026-01-02T10:03:51,98.7687,906.35
2026-01-02T10:03:52,98.7354,895.71
2026-01-02T10:03:53,98.6693,713.08
2026-01-02T10:03:54,98.6620,697.34
2026-01-02T10:03:55,98.6665,795.91
2026-01-02T10:03:56,98.6876,854.63
2026-01-02T10:03:57,98.7305,713.56
2026-01-02T10:03:58,98.7597,849.95
2026-01-02T10:03:59,98.7706,824.07
2026-01-02T10:04:00,98.6734,1145.15
2026-01-02T10:04:01,98.6321,656.64
2026-01-02T10:04:02,98.6175,564.20
2026-01-02T10:04:03,98.6960,688.45
2026-01-02T10:04:04,98.6651,650.66
2026-01-02T10:04:05,98.6847,1051.25
2026-01-02T10:04:06,98.6969,660.65
2026-01-02T10:04:07,98.7563,851.04
2026-01-02T10:04:08,98.7237,787.04
2026-01-02T10:04:09,98.7295,842.67
2026-01-02T10:04:10,98.7295,804.31
2026-01-02T10:04:11,98.8132,1310.07
2026-01-02T10:04:12,98.8209,634.90
2026-01-02T10:04:13,98.7735,946.36
2026-01-02T10:04:14,98.7003,767.28
2026-01-02T10:04:15,98.7180,832.70
2026-01-02T10:04:16,98.6996,1130.80
2026-01-02T10:04:17,98.7353,715.25
2026-01-02T10:04:18,98.7705,766.89
2026-01-02T10:04:19,98.7471,726.64
2026-01-02T10:04:20,98.8002,699.37
2026-01-02T10:04:21,98.7969,983.61
2026-01-02T10:04:22,98.8105,843.27
2026-01-02T10:04:23,98.7804,1219.55
2026-01-02T10:04:24,98.8171,373.66
2026-01-02T10:04:25,98.8757,568.51
2026-01-02T10:04:26,98.8138,674.37
2026-01-02T10:04:27,98.8703,750.96
2026-01-02T10:04:28,98.8796,499.40
2026-01-02T10:04:29,98.9279,751.90
2026-01-02T10:04:30,98.8698,858.47
2026-01-02T10:04:31,98.8917,815.30
2026-01-02T10:04:32,98.9497,905.05
2026-01-02T10:04:33,99.0171,790.14
2026-01-02T10:04:34,99.0219,955.55
2026-01-02T10:04:35,99.0739,740.04
2026-01-02T10:04:36,99.1587,820.76
2026-01-02T10:04:37,99.1588,879.53
2026-01-02T10:04:38,99.1201,503.72
2026-01-02T10:04:39,99.2125,991.57
2026-01-02T10:04:40,99.1708,824.68
2026-01-02T10:04:41,99.1987,712.17
2026-01-02T10:04:42,99.2631,710.99
2026-01-02T10:04:43,99.3076,686.52
2026-01-02T10:04:44,99.3303,1078.97
2026-01-02T10:04:45,99.3515,712.15
2026-01-02T10:04:46,99.3613,930.47
2026-01-02T10:04:47,99.3419,728.91
2026-01-02T10:04:48,99.4211,1051.45
2026-01-02T10:04:49,99.3911,562.70
2026-01-02T10:04:50,99.3332,599.34
2026-01-02T10:04:51,99.3203,786.37
2026-01-02T10:04:52,99.2578,827.83
2026-01-02T10:04:53,99.1271,825.17
2026-01-02T10:04:54,99.1993,581.28
2026-01-02T10:04:55,99.0695,829.98
2026-01-02T10:04:56,99.1009,726.48
2026-01-02T10:04:57,99.1111,1032.39
2026-01-02T10:04:58,99.1869,907.64
2026-01-02T10:04:59,99.1312,830.49
2026-01-02T10:05:00,99.0860,797.20
2026-01-02T10:05:01,99.0750,697.23
2026-01-02T10:05:02,99.1438,759.02
2026-01-02T10:05:03,99.0770,868.32
2026-01-02T10:05:04,99.1077,809.19
2026-01-02T10:05:05,99.0727,722.17
2026-01-02T10:05:06,99.0460,709.16
2026-01-02T10:05:07,99.0143,760.21
2026-01-02T10:05:08,98.9532,844.42
2026-01-02T10:05:09,98.9178,957.88
2026-01-02T10:05:10,98.9348,1071.04
2026-01-02T10:05:11,98.8733,1054.02
2026-01-02T10:05:12,98.8679,911.40
2026-01-02T10:05:13,98.9078,973.01
2026-01-02T10:05:14,98.9104,881.82
2026-01-02T10:05:15,98.9061,930.98
2026-01-02T10:05:16,98.8658,872.82
2026-01-02T10:05:17,98.9350,1161.16
2026-01-02T10:05:18,98.9829,1063.04
2026-01-02T10:05:19,99.0063,989.69
2026-01-02T10:05:20,99.0937,790.23
2026-01-02T10:05:21,99.0221,769.34
2026-01-02T10:05:22,99.0303,651.69
2026-01-02T10:05:23,98.9762,711.26
2026-01-02T10:05:24,98.9207,964.28
2026-01-02T10:05:25,98.9973,921.57
2026-01-02T10:05:26,98.9344,837.27
2026-01-02T10:05:27,98.8956,850.35
2026-01-02T10:05:28,98.8584,976.91
2026-01-02T10:05:29,98.8899,742.29
2026-01-02T10:05:30,98.9124,811.38
2026-01-02T10:05:31,98.9900,457.72
2026-01-02T10:05:32,99.0084,1023.74
2026-01-02T10:05:33,98.9918,710.16
2026-01-02T10:05:34,98.9996,634.45
2026-01-02T10:05:35,98.9753,615.65
2026-01-02T10:05:36,98.9672,423.44
2026-01-02T10:05:37,98.9399,900.52
2026-01-02T10:05:38,98.9227,725.86
2026-01-02T10:05:39,98.9630,1084.00
2026-01-02T10:05:40,98.9297,1016.89
2026-01-02T10:05:41,98.8508,647.75
2026-01-02T10:05:42,98.8748,846.38
2026-01-02T10:05:43,98.8800,955.67
2026-01-02T10:05:44,98.8707,937.25
2026-01-02T10:05:45,98.8486,687.05
2026-01-02T10:05:46,98.7640,921.74
2026-01-02T10:05:47,98.7248,981.36
2026-01-02T10:05:48,98.7701,760.01
2026-01-02T10:05:49,98.7739,835.61
2026-01-02T10:05:50,98.7646,537.45
2026-01-02T10:05:51,98.8295,697.79
2026-01-02T10:05:52,98.8532,852.44
2026-01-02T10:05:53,98.8661,839.41
2026-01-02T10:05:54,98.9070,643.27
2026-01-02T10:05:55,98.9515,829.86
2026-01-02T10:05:56,98.9531,725.28
2026-01-02T10:05:57,98.9509,904.25
2026-01-02T10:05:58,98.8980,490.30
2026-01-02T10:05:59,98.8855,926.38
2026-01-02T10:06:00,98.8719,1046.81
2026-01-02T10:06:01,98.9301,1052.45
2026-01-02T10:06:02,98.9953,847.44
2026-01-02T10:06:03,99.0207,677.22
2026-01-02T10:06:04,98.8997,872.97
2026-01-02T10:06:05,98.8649,763.79
2026-01-02T10:06:06,98.7529,961.56
2026-01-02T10:06:07,98.7437,693.67
2026-01-02T10:06:08,98.6916,653.73
2026-01-02T10:06:09,98.6534,625.21
2026-01-02T10:06:10,98.5896,762.23
2026-01-02T10:06:11,98.5743,954.69
2026-01-02T10:06:12,98.4954,719.75
2026-01-02T10:06:13,98.4551,861.36
2026-01-02T10:06:14,98.4526,952.82
2026-01-02T10:06:15,98.5352,800.19
2026-01-02T10:06:16,98.5590,665.07
2026-01-02T10:06:17,98.5531,804.47
2026-01-02T10:06:18,98.6493,594.88
2026-01-02T10:06:19,98.6431,803.50
2026-01-02T10:06:20,98.6090,863.44
2026-01-02T10:06:21,98.6096,821.52
2026-01-02T10:06:22,98.5769,932.23
2026-01-02T10:06:23,98.5350,733.01
2026-01-02T10:06:24,98.5730,1051.62
2026-01-02T10:06:25,98.5391,912.11
2026-01-02T10:06:26,98.5352,987.92
2026-01-02T10:06:27,98.5401,1105.47
2026-01-02T10:06:28,98.6089,624.82
2026-01-02T10:06:29,98.5941,664.91
2026-01-02T10:06:30,98.5904,472.89
2026-01-02T10:06:31,98.5149,983.56
2026-01-02T10:06:32,98.5302,935.63
2026-01-02T10:06:33,98.4893,610.80
2026-01-02T10:06:34,98.4805,1048.91
2026-01-02T10:06:35,98.4838,832.94
2026-01-02T10:06:36,98.5367,868.34
2026-01-02T10:06:37,98.5448,876.93
2026-01-02T10:06:38,98.5361,1083.21
2026-01-02T10:06:39,98.5313,670.31
2026-01-02T10:06:40,98.5619,970.40
2026-01-02T10:06:41,98.5406,930.32
2026-01-02T10:06:42,98.5890,196.69
2026-01-02T10:06:43,98.5112,872.09
2026-01-02T10:06:44,98.4693,1103.56
2026-01-02T10:06:45,98.4838,781.71
2026-01-02T10:06:46,98.4865,731.62
2026-01-02T10:06:47,98.4575,821.93
2026-01-02T10:06:48,98.5025,521.53
2026-01-02T10:06:49,98.5133,719.07
2026-01-02T10:06:50,98.5171,664.68
2026-01-02T10:06:51,98.5235,607.01
2026-01-02T10:06:52,98.5225,753.15
2026-01-02T10:06:53,98.4475,875.29
2026-01-02T10:06:54,98.3209,732.38
2026-01-02T10:06:55,98.2537,846.26
2026-01-02T10:06:56,98.2385,947.05
2026-01-02T10:06:57,98.2294,761.67
2026-01-02T10:06:58,98.2797,716.33
2026-01-02T10:06:59,98.2783,1056.73
2026-01-02T10:07:00,98.3080,1156.92
2026-01-02T10:07:01,98.3286,704.66
2026-01-02T10:07:02,98.3769,966.02
2026-01-02T10:07:03,98.3645,897.22
2026-01-02T10:07:04,98.3608,889.65
2026-01-02T10:07:05,98.3622,776.62
2026-01-02T10:07:06,98.4381,882.12
2026-01-02T10:07:07,98.3782,837.51
2026-01-02T10:07:08,98.3647,856.34
2026-01-02T10:07:09,98.3754,865.92
2026-01-02T10:07:10,98.2989,517.78
2026-01-02T10:07:11,98.3619,795.20
2026-01-02T10:07:12,98.4221,894.97
2026-01-02T10:07:13,98.3980,496.07
2026-01-02T10:07:14,98.4210,893.11
2026-01-02T10:07:15,98.4998,763.55
2026-01-02T10:07:16,98.5032,474.55
2026-01-02T10:07:17,98.4758,844.27
2026-01-02T10:07:18,98.4600,642.69
2026-01-02T10:07:19,98.5237,1088.48
2026-01-02T10:07:20,98.4756,817.81
2026-01-02T10:07:21,98.4563,1067.27
2026-01-02T10:07:22,98.4670,907.51
2026-01-02T10:07:23,98.4249,1038.95
2026-01-02T10:07:24,98.4114,1135.33
2026-01-02T10:07:25,98.4605,682.83
2026-01-02T10:07:26,98.4842,843.82
2026-01-02T10:07:27,98.4742,934.98
2026-01-02T10:07:28,98.4730,805.06
2026-01-02T10:07:29,98.4446,666.01
2026-01-02T10:07:30,98.4480,832.16
2026-01-02T10:07:31,98.4964,556.18
2026-01-02T10:07:32,98.5015,1086.90
2026-01-02T10:07:33,98.4710,612.18
2026-01-02T10:07:34,98.4292,942.46
2026-01-02T10:07:35,98.3723,803.51
2026-01-02T10:07:36,98.3421,696.41
2026-01-02T10:07:37,98.3283,732.58
2026-01-02T10:07:38,98.3118,790.29
2026-01-02T10:07:39,98.3239,718.37
2026-01-02T10:07:40,98.3451,713.67
2026-01-02T10:07:41,98.3246,807.53
2026-01-02T10:07:42,98.2474,652.23
2026-01-02T10:07:43,98.2173,615.89
2026-01-02T10:07:44,98.2069,668.02
2026-01-02T10:07:45,98.1659,982.88
2026-01-02T10:07:46,98.2596,978.91
2026-01-02T10:07:47,98.2731,1002.32
2026-01-02T10:07:48,98.2872,753.08
2026-01-02T10:07:49,98.2922,739.54
2026-01-02T10:07:50,98.1930,648.55
2026-01-02T10:07:51,98.1557,887.05
2026-01-02T10:07:52,98.1341,476.04
2026-01-02T10:07:53,98.1329,851.60
2026-01-02T10:07:54,98.1675,865.57
2026-01-02T10:07:55,98.2751,643.87
2026-01-02T10:07:56,98.3344,965.78
2026-01-02T10:07:57,98.3058,776.94
2026-01-02T10:07:58,98.2723,777.70
2026-01-02T10:07:59,98.2524,719.92
2026-01-02T10:08:00,98.2522,613.56
2026-01-02T10:08:01,98.3028,958.06
2026-01-02T10:08:02,98.2715,955.28
2026-01-02T10:08:03,98.2243,478.88
2026-01-02T10:08:04,98.2385,898.38
2026-01-02T10:08:05,98.2052,894.71
2026-01-02T10:08:06,98.2935,1342.23
2026-01-02T10:08:07,98.2542,858.80
2026-01-02T10:08:08,98.1990,1309.67
2026-01-02T10:08:09,98.1794,954.80
2026-01-02T10:08:10,98.1837,609.73
2026-01-02T10:08:11,98.1745,556.35
2026-01-02T10:08:12,98.1457,751.74
2026-01-02T10:08:13,98.1559,391.09
2026-01-02T10:08:14,98.1530,1259.54
2026-01-02T10:08:15,98.1102,858.65
2026-01-02T10:08:16,98.0912,292.00
2026-01-02T10:08:17,98.0465,676.97
2026-01-02T10:08:18,98.0847,793.69
2026-01-02T10:08:19,98.0748,921.18
2026-01-02T10:08:20,98.0807,770.31
2026-01-02T10:08:21,98.1108,552.28
2026-01-02T10:08:22,98.1016,1025.60
2026-01-02T10:08:23,98.0054,657.68
2026-01-02T10:08:24,98.0125,841.24
2026-01-02T10:08:25,97.9974,877.39
2026-01-02T10:08:26,97.9576,976.30
2026-01-02T10:08:27,97.9664,1126.73
2026-01-02T10:08:28,98.0046,899.29
2026-01-02T10:08:29,98.0684,655.42
2026-01-02T10:08:30,98.0553,484.97
2026-01-02T10:08:31,98.0945,1097.75
2026-01-02T10:08:32,98.0727,580.91
2026-01-02T10:08:33,98.1234,667.28
2026-01-02T10:08:34,98.1008,1077.11
2026-01-02T10:08:35,98.0848,766.44
2026-01-02T10:08:36,98.1574,906.36
2026-01-02T10:08:37,98.1096,1070.95
2026-01-02T10:08:38,98.0313,981.35
2026-01-02T10:08:39,98.0535,705.79
2026-01-02T10:08:40,98.0185,599.77
2026-01-02T10:08:41,98.0964,822.40
2026-01-02T10:08:42,98.0681,903.30
2026-01-02T10:08:43,98.1224,857.39
2026-01-02T10:08:44,98.1539,971.72
2026-01-02T10:08:45,98.1566,856.99
2026-01-02T10:08:46,98.1515,621.38
2026-01-02T10:08:47,98.0946,881.11
2026-01-02T10:08:48,98.0628,796.21
2026-01-02T10:08:49,98.0518,974.65
2026-01-02T10:08:50,98.0645,855.16
2026-01-02T10:08:51,98.0517,775.16
2026-01-02T10:08:52,98.0365,844.93
2026-01-02T10:08:53,97.9590,796.44
2026-01-02T10:08:54,97.9757,870.79
2026-01-02T10:08:55,97.9273,724.20
2026-01-02T10:08:56,97.9103,702.81
2026-01-02T10:08:57,97.8556,604.44
2026-01-02T10:08:58,97.8561,869.39
2026-01-02T10:08:59,97.8629,643.13
2026-01-02T10:09:00,97.8804,764.22
2026-01-02T10:09:01,97.8582,633.45
2026-01-02T10:09:02,97.8354,929.06
2026-01-02T10:09:03,97.8272,777.83
2026-01-02T10:09:04,97.7823,1302.28
2026-01-02T10:09:05,97.6805,434.98
2026-01-02T10:09:06,97.6570,835.89
2026-01-02T10:09:07,97.7369,892.48
2026-01-02T10:09:08,97.7506,965.54
2026-01-02T10:09:09,97.7550,448.08
2026-01-02T10:09:10,97.7666,839.11
2026-01-02T10:09:11,97.8643,670.23
2026-01-02T10:09:12,97.9210,555.17
2026-01-02T10:09:13,97.9901,823.87
2026-01-02T10:09:14,98.0279,926.69
2026-01-02T10:09:15,98.0586,817.56
2026-01-02T10:09:16,98.0292,771.26
2026-01-02T10:09:17,97.9949,779.71
2026-01-02T10:09:18,97.9226,831.00
2026-01-02T10:09:19,97.9667,1016.34
2026-01-02T10:09:20,98.0260,827.45
2026-01-02T10:09:21,98.0192,754.06
2026-01-02T10:09:22,98.0369,929.08
2026-01-02T10:09:23,98.0523,557.83
2026-01-02T10:09:24,98.1144,885.95
2026-01-02T10:09:25,98.1592,809.35
2026-01-02T10:09:26,98.1476,1148.76
2026-01-02T10:09:27,98.0995,496.13
2026-01-02T10:09:28,98.1895,843.27
2026-01-02T10:09:29,98.1704,694.69
2026-01-02T10:09:30,98.0802,1136.11
2026-01-02T10:09:31,98.1121,891.80
2026-01-02T10:09:32,98.1494,635.36
2026-01-02T10:09:33,98.1701,995.43
2026-01-02T10:09:34,98.0711,907.27
2026-01-02T10:09:35,98.1048,818.27
2026-01-02T10:09:36,98.0651,770.20
2026-01-02T10:09:37,98.0446,865.31
2026-01-02T10:09:38,98.0208,937.60
2026-01-02T10:09:39,97.9977,706.43
2026-01-02T10:09:40,98.0504,771.07
2026-01-02T10:09:41,98.0745,566.47
2026-01-02T10:09:42,98.1430,538.61
2026-01-02T10:09:43,98.1475,759.58
2026-01-02T10:09:44,98.1134,750.61
2026-01-02T10:09:45,98.1691,1113.01
2026-01-02T10:09:46,98.1586,735.66
2026-01-02T10:09:47,98.0742,1108.72
2026-01-02T10:09:48,98.0264,636.22
2026-01-02T10:09:49,98.0313,932.13
2026-01-02T10:09:50,98.1000,1191.43
2026-01-02T10:09:51,98.1340,713.57
2026-01-02T10:09:52,98.1046,767.87
2026-01-02T10:09:53,98.1410,971.88
2026-01-02T10:09:54,98.1689,459.00
2026-01-02T10:09:55,98.1436,1062.20
2026-01-02T10:09:56,98.1197,785.54
2026-01-02T10:09:57,98.2426,786.69
2026-01-02T10:09:58,98.3068,1130.97
2026-01-02T10:09:59,98.3410,721.72
2026-01-02T10:10:00,98.2386,645.39
2026-01-02T10:10:01,98.2677,906.55
2026-01-02T10:10:02,98.3206,600.94
2026-01-02T10:10:03,98.3297,430.98
2026-01-02T10:10:04,98.2901,895.27
2026-01-02T10:10:05,98.1921,947.01
2026-01-02T10:10:06,98.2746,541.50
2026-01-02T10:10:07,98.2631,1109.33
2026-01-02T10:10:08,98.2858,871.52
2026-01-02T10:10:09,98.2908,553.08
2026-01-02T10:10:10,98.2848,1031.60
2026-01-02T10:10:11,98.2888,929.90
2026-01-02T10:10:12,98.2727,643.14
2026-01-02T10:10:13,98.2535,610.45
2026-01-02T10:10:14,98.1923,796.42
2026-01-02T10:10:15,98.1822,630.73
2026-01-02T10:10:16,98.2136,632.31
2026-01-02T10:10:17,98.2329,889.71
2026-01-02T10:10:18,98.3080,861.57
2026-01-02T10:10:19,98.3437,813.45
2026-01-02T10:10:20,98.2805,954.03
2026-01-02T10:10:21,98.3563,777.63
2026-01-02T10:10:22,98.4506,966.30
2026-01-02T10:10:23,98.5408,767.39
2026-01-02T10:10:24,98.5012,810.08
2026-01-02T10:10:25,98.4686,835.72
2026-01-02T10:10:26,98.4579,829.61
2026-01-02T10:10:27,98.4540,624.63
2026-01-02T10:10:28,98.4303,1028.44
2026-01-02T10:10:29,98.4276,558.65
2026-01-02T10:10:30,98.3370,741.96
2026-01-02T10:10:31,98.3497,587.56
2026-01-02T10:10:32,98.2694,900.95
2026-01-02T10:10:33,98.4133,956.96
2026-01-02T10:10:34,98.3686,778.82
2026-01-02T10:10:35,98.3633,571.08
2026-01-02T10:10:36,98.3003,774.30
2026-01-02T10:10:37,98.3360,845.52
2026-01-02T10:10:38,98.3054,891.70
2026-01-02T10:10:39,98.3290,623.12
2026-01-02T10:10:40,98.2743,916.13
2026-01-02T10:10:41,98.3256,872.97
2026-01-02T10:10:42,98.3788,1064.06
2026-01-02T10:10:43,98.3101,886.15
2026-01-02T10:10:44,98.3695,1004.04
2026-01-02T10:10:45,98.4339,694.24
2026-01-02T10:10:46,98.4647,939.73
2026-01-02T10:10:47,98.4379,834.32
2026-01-02T10:10:48,98.3781,647.21
2026-01-02T10:10:49,98.3930,989.25
2026-01-02T10:10:50,98.3931,1076.14
2026-01-02T10:10:51,98.4602,623.09
2026-01-02T10:10:52,98.4558,709.38
2026-01-02T10:10:53,98.4929,929.27
2026-01-02T10:10:54,98.4574,966.34
2026-01-02T10:10:55,98.3981,1012.01
2026-01-02T10:10:56,98.2884,767.76
2026-01-02T10:10:57,98.2567,921.67
2026-01-02T10:10:58,98.2682,405.52
2026-01-02T10:10:59,98.2078,694.31
2026-01-02T10:11:00,98.2611,1093.63
2026-01-02T10:11:01,98.2920,1056.13
2026-01-02T10:11:02,98.2582,874.99
2026-01-02T10:11:03,98.2640,605.63
2026-01-02T10:11:04,98.2484,735.77
2026-01-02T10:11:05,98.2690,889.17
2026-01-02T10:11:06,98.2444,704.26
2026-01-02T10:11:07,98.1590,890.96
2026-01-02T10:11:08,98.1545,794.78
2026-01-02T10:11:09,98.1792,710.83
2026-01-02T10:11:10,98.1359,691.63
2026-01-02T10:11:11,98.1205,839.17
2026-01-02T10:11:12,98.0934,720.66
2026-01-02T10:11:13,98.0337,726.63
2026-01-02T10:11:14,97.9551,681.06
2026-01-02T10:11:15,97.9796,830.85
2026-01-02T10:11:16,97.9726,759.58
2026-01-02T10:11:17,98.0132,587.88
2026-01-02T10:11:18,98.0332,671.04
2026-01-02T10:11:19,98.0459,772.62
2026-01-02T10:11:20,98.0215,856.22
2026-01-02T10:11:21,97.9925,581.67
2026-01-02T10:11:22,97.9709,574.15
2026-01-02T10:11:23,97.9775,690.58
2026-01-02T10:11:24,97.9207,865.57
2026-01-02T10:11:25,97.9389,766.78
2026-01-02T10:11:26,97.9259,964.39
2026-01-02T10:11:27,97.9137,846.45
2026-01-02T10:11:28,97.8628,900.37
2026-01-02T10:11:29,97.8564,893.28
2026-01-02T10:11:30,97.8442,664.46
2026-01-02T10:11:31,97.7902,762.87
2026-01-02T10:11:32,97.7696,566.50
2026-01-02T10:11:33,97.8260,984.61
2026-01-02T10:11:34,97.7345,414.98
2026-01-02T10:11:35,97.6662,828.18
2026-01-02T10:11:36,97.7869,587.27
2026-01-02T10:11:37,97.7727,1039.92
2026-01-02T10:11:38,97.7505,1000.86
2026-01-02T10:11:39,97.7926,794.74
